0,1,2,3,4,5,6,7,8,9,10,11,12,13,14,15,16,17,18,19
l8ugp31t,Croft,Michael,5806,1,99,Won 0-0,ptla9899,1500.0,1518.0,otpumr3u,"Ysunza, Alberto",1500.0,8.0,1999-02-26,True,Pro Tour Los Angeles 1999,https://web.archive.org/web/19990427221821/http://www.wizards.com:80/ProTour/LA_98_Cybercast.html,pt,UGS rochester
l8ugp31t,Croft,Michael,5901,2,29,Won 2-1,ptla9899,1518.0,1536.66,1xh5kt7x,"Burgner, Kurt",1554.35,8.0,1999-02-26,True,Pro Tour Los Angeles 1999,https://web.archive.org/web/19990427221821/http://www.wizards.com:80/ProTour/LA_98_Cybercast.html,pt,UGS rochester
l8ugp31t,Croft,Michael,6098,3,62,Lost 0-2,ptla9899,1536.66,1523.1,7d05pfwn,"Finkel, Jon",1785.04,8.0,1999-02-26,True,Pro Tour Los Angeles 1999,https://web.archive.org/web/19990427221821/http://www.wizards.com:80/ProTour/LA_98_Cybercast.html,pt,UGS rochester
l8ugp31t,Croft,Michael,6228,4,28,Lost 1-2,ptla9899,1523.1,1504.43,3g4bjr36,"Grant, David",1486.53,8.0,1999-02-26,True,Pro Tour Los Angeles 1999,https://web.archive.org/web/19990427221821/http://www.wizards.com:80/ProTour/LA_98_Cybercast.html,pt,UGS rochester
l8ugp31t,Croft,Michael,6444,5,83,Lost 0-2,ptla9899,1504.43,1486.43,cz5i7ggq,"Lavoisier, Regis",1504.13,8.0,1999-02-26,True,Pro Tour Los Angeles 1999,https://web.archive.org/web/19990427221821/http://www.wizards.com:80/ProTour/LA_98_Cybercast.html,pt,UGS rochester
l8ugp31t,Croft,Michael,6601,6,76,Won 0-0,ptla9899,1486.43,1505.72,cdkuc3de,"Bunsongsikul, Ped",1557.52,8.0,1999-02-26,True,Pro Tour Los Angeles 1999,https://web.archive.org/web/19990427221821/http://www.wizards.com:80/ProTour/LA_98_Cybercast.html,pt,UGS rochester
l8ugp31t,Croft,Michael,6783,7,110,Won 0-0,ptla9899,1505.72,1523.43,epudsxz6,"Harkonen, Jarno",1489.85,8.0,1999-02-26,True,Pro Tour Los Angeles 1999,https://web.archive.org/web/19990427221821/http://www.wizards.com:80/ProTour/LA_98_Cybercast.html,pt,UGS rochester
l8ugp31t,Croft,Michael,14733,1,12,Lost 0-0,natca99,1523.43,1505.01,fzsxob8n,"Marsan, Bruce",1500.0,,1999-07-10,False,1999 Canada National Championship,http://web.archive.org/web/20130511070149/http://www.wizards.com/sideboard/article.asp?x=CANNAT99/welcome,national,mixed
l8ugp31t,Croft,Michael,14761,2,10,Won 0-0,natca99,1505.01,1522.59,mgodx49r,"Lau, Angus",1482.0,,1999-07-10,False,1999 Canada National Championship,http://web.archive.org/web/20130511070149/http://www.wizards.com/sideboard/article.asp?x=CANNAT99/welcome,national,mixed
l8ugp31t,Croft,Michael,14793,3,12,Lost 0-0,natca99,1522.59,1503.2,c1xpr1hf,"Danforth, Peter",1446.62,,1999-07-10,False,1999 Canada National Championship,http://web.archive.org/web/20130511070149/http://www.wizards.com/sideboard/article.asp?x=CANNAT99/welcome,national,mixed
l8ugp31t,Croft,Michael,14842,5,1,Lost 0-0,natca99,1503.2,1484.82,g8emx38u,"Alward, Wayne",1482.4,,1999-07-10,False,1999 Canada National Championship,http://web.archive.org/web/20130511070149/http://www.wizards.com/sideboard/article.asp?x=CANNAT99/welcome,national,mixed
l8ugp31t,Croft,Michael,14896,6,25,Won 0-0,natca99,1484.82,1502.77,swtdkhoo,"Robar, Jason",1482.06,,1999-07-10,False,1999 Canada National Championship,http://web.archive.org/web/20130511070149/http://www.wizards.com/sideboard/article.asp?x=CANNAT99/welcome,national,mixed
l8ugp31t,Croft,Michael,14917,7,16,Won 0-0,natca99,1502.77,1520.86,mdnzmd26,"Cormier, Francis",1507.28,,1999-07-10,False,1999 Canada National Championship,http://web.archive.org/web/20130511070149/http://www.wizards.com/sideboard/article.asp?x=CANNAT99/welcome,national,mixed
l8ugp31t,Croft,Michael,14944,8,11,Won 0-0,natca99,1520.86,1538.9,gjty8jxb,"Baillargeon, Rene",1523.31,,1999-07-10,False,1999 Canada National Championship,http://web.archive.org/web/20130511070149/http://www.wizards.com/sideboard/article.asp?x=CANNAT99/welcome,national,mixed
l8ugp31t,Croft,Michael,14972,9,9,Won 0-0,natca99,1538.9,1556.83,d7ay6xr4,"Evans, Murray",1535.22,,1999-07-10,False,1999 Canada National Championship,http://web.archive.org/web/20130511070149/http://www.wizards.com/sideboard/article.asp?x=CANNAT99/welcome,national,mixed
l8ugp31t,Croft,Michael,14999,10,8,Lost 0-0,natca99,1556.83,1538.15,0qpjk89z,"Yang, Peter",1519.49,,1999-07-10,False,1999 Canada National Championship,http://web.archive.org/web/20130511070149/http://www.wizards.com/sideboard/article.asp?x=CANNAT99/welcome,national,mixed
l8ugp31t,Croft,Michael,15025,11,10,Lost 0-0,natca99,1538.15,1519.8,ehuinqfs,"Evans, Forrest",1518.71,,1999-07-10,False,1999 Canada National Championship,http://web.archive.org/web/20130511070149/http://www.wizards.com/sideboard/article.asp?x=CANNAT99/welcome,national,mixed
l8ugp31t,Croft,Michael,15049,12,13,Lost 0-0,natca99,1519.8,1501.45,sctht7sg,"King, Ben",1500.55,,1999-07-10,False,1999 Canada National Championship,http://web.archive.org/web/20130511070149/http://www.wizards.com/sideboard/article.asp?x=CANNAT99/welcome,national,mixed
l8ugp31t,Croft,Michael,28944,1,68,Lost 0-0,gpphi00,1501.45,1482.92,xz1qtmda,"Wachter, Toby",1472.55,9.0,2000-02-19,False,Grand Prix Philadelphia 2000,http://web.archive.org/web/20130511060558/http://www.wizards.com/sideboard/article.asp?x=GPPHIL00/welcome,gp,extended
l8ugp31t,Croft,Michael,29251,2,173,Won 0-0,gpphi00,1482.92,1500.9,ock2mry8,"Carsillo, Michael",1482.0,9.0,2000-02-19,False,Grand Prix Philadelphia 2000,http://web.archive.org/web/20130511060558/http://www.wizards.com/sideboard/article.asp?x=GPPHIL00/welcome,gp,extended
l8ugp31t,Croft,Michael,29457,3,135,Won 0-0,gpphi00,1500.9,1518.89,p41uhyt4,"Shubert, Anthony",1500.0,9.0,2000-02-19,False,Grand Prix Philadelphia 2000,http://web.archive.org/web/20130511060558/http://www.wizards.com/sideboard/article.asp?x=GPPHIL00/welcome,gp,extended
l8ugp31t,Croft,Michael,29660,4,93,Lost 0-0,gpphi00,1518.89,1500.56,z24lo454,"Van Ostenbridge, Ron",1501.26,9.0,2000-02-19,False,Grand Prix Philadelphia 2000,http://web.archive.org/web/20130511060558/http://www.wizards.com/sideboard/article.asp?x=GPPHIL00/welcome,gp,extended
l8ugp31t,Croft,Michael,29948,5,144,Won 0-0,gpphi00,1500.56,1518.54,kzizfpd1,"Simard, Stephane",1499.38,9.0,2000-02-19,False,Grand Prix Philadelphia 2000,http://web.archive.org/web/20130511060558/http://www.wizards.com/sideboard/article.asp?x=GPPHIL00/welcome,gp,extended
l8ugp31t,Croft,Michael,30104,6,101,Lost 0-0,gpphi00,1518.54,1500.55,9yncuhxs,"Hill, Stanley",1518.67,9.0,2000-02-19,False,Grand Prix Philadelphia 2000,http://web.archive.org/web/20130511060558/http://www.wizards.com/sideboard/article.asp?x=GPPHIL00/welcome,gp,extended
l8ugp31t,Croft,Michael,30268,7,107,Won 0-0,gpphi00,1500.55,1518.22,58bdydb8,"Wargat, Keith",1482.86,9.0,2000-02-19,False,Grand Prix Philadelphia 2000,http://web.archive.org/web/20130511060558/http://www.wizards.com/sideboard/article.asp?x=GPPHIL00/welcome,gp,extended
l8ugp31t,Croft,Michael,30353,8,70,Lost 0-0,gpphi00,1518.22,1499.7,tj1pgcvj,"Snyder, Eric",1489.45,9.0,2000-02-19,False,Grand Prix Philadelphia 2000,http://web.archive.org/web/20130511060558/http://www.wizards.com/sideboard/article.asp?x=GPPHIL00/welcome,gp,extended
l8ugp31t,Croft,Michael,35632,1,14,Won 2-1,natca00,1499.7,1517.7,kmkgo29s,"Thiessen, Paul",1500.0,,2000-06-30,False,2000 Canada National Championship,http://web.archive.org/web/20130511072638/http://www.wizards.com/sideboard/article.asp?x=CANNAT00/welcome,national,mixed
l8ugp31t,Croft,Michael,35666,2,15,Lost 1-2,natca00,1517.7,1500.64,8sp7w7hu,"Ferraro, Anthony",1569.05,,2000-06-30,False,2000 Canada National Championship,http://web.archive.org/web/20130511072638/http://www.wizards.com/sideboard/article.asp?x=CANNAT00/welcome,national,mixed
l8ugp31t,Croft,Michael,35708,3,24,Won 2-1,natca00,1500.64,1518.3,pjihxlyn,"Hsu, Pei-Ken",1482.09,,2000-06-30,False,2000 Canada National Championship,http://web.archive.org/web/20130511072638/http://www.wizards.com/sideboard/article.asp?x=CANNAT00/welcome,national,mixed
l8ugp31t,Croft,Michael,35726,4,9,Lost 1-2,natca00,1518.3,1500.88,d7ay6xr4,"Evans, Murray",1549.82,,2000-06-30,False,2000 Canada National Championship,http://web.archive.org/web/20130511072638/http://www.wizards.com/sideboard/article.asp?x=CANNAT00/welcome,national,mixed
l8ugp31t,Croft,Michael,35762,5,11,Won 2-1,natca00,1500.88,1518.55,8dj5jr3q,"Ryan, Ronan",1483.06,,2000-06-30,False,2000 Canada National Championship,http://web.archive.org/web/20130511072638/http://www.wizards.com/sideboard/article.asp?x=CANNAT00/welcome,national,mixed
l8ugp31t,Croft,Michael,35802,6,18,Lost 1-2,natca00,1518.55,1500.51,wzvyq28p,"Honaus, Finn",1516.22,,2000-06-30,False,2000 Canada National Championship,http://web.archive.org/web/20130511072638/http://www.wizards.com/sideboard/article.asp?x=CANNAT00/welcome,national,mixed
l8ugp31t,Croft,Michael,35832,7,15,Won 2-1,natca00,1500.51,1518.22,iowbefae,"Underhill, Shawn",1484.88,,2000-06-30,False,2000 Canada National Championship,http://web.archive.org/web/20130511072638/http://www.wizards.com/sideboard/article.asp?x=CANNAT00/welcome,national,mixed
l8ugp31t,Croft,Michael,35863,8,15,Lost 0-2,natca00,1518.22,1500.08,olz6ejsz,"Spencer, Garath",1510.49,,2000-06-30,False,2000 Canada National Championship,http://web.archive.org/web/20130511072638/http://www.wizards.com/sideboard/article.asp?x=CANNAT00/welcome,national,mixed
l8ugp31t,Croft,Michael,35892,9,17,Lost 1-2,natca00,1500.08,1482.47,ryr6e6vq,"Budzinski, Gerald",1521.43,,2000-06-30,False,2000 Canada National Championship,http://web.archive.org/web/20130511072638/http://www.wizards.com/sideboard/article.asp?x=CANNAT00/welcome,national,mixed
l8ugp31t,Croft,Michael,35917,10,18,Lost 1-2,natca00,1482.47,1464.64,pxsc44zg,"Kelley, Nathan",1491.62,,2000-06-30,False,2000 Canada National Championship,http://web.archive.org/web/20130511072638/http://www.wizards.com/sideboard/article.asp?x=CANNAT00/welcome,national,mixed
l8ugp31t,Croft,Michael,54067,1,82,Won 2-0,ptchi00,1464.64,1483.28,7hwhfn90,"Kuo, Tzu-Ching",1500.0,8.0,2000-12-01,True,Pro Tour Chicago 2000,http://web.archive.org/web/20130707135528/http://www.wizards.com/sideboard/event.asp?event=ptchi00,pt,INV standard
l8ugp31t,Croft,Michael,54197,2,47,Won 2-0,ptchi00,1483.28,1502.53,8ucxebc6,"Kambourakis, Joseph",1551.67,8.0,2000-12-01,True,Pro Tour Chicago 2000,http://web.archive.org/web/20130707135528/http://www.wizards.com/sideboard/event.asp?event=ptchi00,pt,INV standard
l8ugp31t,Croft,Michael,54340,3,25,Won 2-0,ptchi00,1502.53,1526.32,w53abt0c,"Clegg, Daniel",1831.55,8.0,2000-12-01,True,Pro Tour Chicago 2000,http://web.archive.org/web/20130707135528/http://www.wizards.com/sideboard/event.asp?event=ptchi00,pt,INV standard
l8ugp31t,Croft,Michael,54485,4,5,Won 2-0,ptchi00,1526.32,1546.44,9l2bolja,"Borer, Terry",1643.14,8.0,2000-12-01,True,Pro Tour Chicago 2000,http://web.archive.org/web/20130707135528/http://www.wizards.com/sideboard/event.asp?event=ptchi00,pt,INV standard
l8ugp31t,Croft,Michael,54639,5,2,Lost 1-2,ptchi00,1546.44,1528.17,gbgobxu4,"Onoda, Michihisa",1531.61,8.0,2000-12-01,True,Pro Tour Chicago 2000,http://web.archive.org/web/20130707135528/http://www.wizards.com/sideboard/event.asp?event=ptchi00,pt,INV standard
l8ugp31t,Croft,Michael,54794,6,12,Lost 1-2,ptchi00,1528.17,1514.54,j0ytuxye,"Turning, Travis",1772.74,8.0,2000-12-01,True,Pro Tour Chicago 2000,http://web.archive.org/web/20130707135528/http://www.wizards.com/sideboard/event.asp?event=ptchi00,pt,INV standard
l8ugp31t,Croft,Michael,54953,7,44,ID,ptchi00,1514.54,1514.54,cz7pl5es,"Ho, Ken",1631.69,8.0,2000-12-01,True,Pro Tour Chicago 2000,http://web.archive.org/web/20130707135528/http://www.wizards.com/sideboard/event.asp?event=ptchi00,pt,INV standard
l8ugp31t,Croft,Michael,55064,8,40,Won 2-0,ptchi00,1514.54,1536.18,w9w885i8,"Ozfresko, Vedat",1716.38,8.0,2000-12-01,True,Pro Tour Chicago 2000,http://web.archive.org/web/20130707135528/http://www.wizards.com/sideboard/event.asp?event=ptchi00,pt,INV standard
l8ugp31t,Croft,Michael,55091,9,20,Lost 0-2,ptchi00,1536.18,1522.23,qjjctmyl,"Jensen, Niels Sanders",1762.37,8.0,2000-12-01,True,Pro Tour Chicago 2000,http://web.archive.org/web/20130707135528/http://www.wizards.com/sideboard/event.asp?event=ptchi00,pt,INV standard
l8ugp31t,Croft,Michael,55148,10,30,Lost 1-2,ptchi00,1522.23,1508.23,6k117dqv,"Crosby, Joseph",1745.08,8.0,2000-12-01,True,Pro Tour Chicago 2000,http://web.archive.org/web/20130707135528/http://www.wizards.com/sideboard/event.asp?event=ptchi00,pt,INV standard
l8ugp31t,Croft,Michael,55208,11,43,Won 2-0,ptchi00,1508.23,1533.43,mc6i54cy,"Kastle, Darwin",1925.96,8.0,2000-12-01,True,Pro Tour Chicago 2000,http://web.archive.org/web/20130707135528/http://www.wizards.com/sideboard/event.asp?event=ptchi00,pt,INV standard
l8ugp31t,Croft,Michael,55244,12,32,Draw 1-1,ptchi00,1533.43,1535.52,yiab406r,"Douglass, Morgan",1648.61,8.0,2000-12-01,True,Pro Tour Chicago 2000,http://web.archive.org/web/20130707135528/http://www.wizards.com/sideboard/event.asp?event=ptchi00,pt,INV standard
l8ugp31t,Croft,Michael,55289,13,31,Won 2-1,ptchi00,1535.52,1557.6,ghywft91,"Van Cleave, Trey",1763.35,8.0,2000-12-01,True,Pro Tour Chicago 2000,http://web.archive.org/web/20130707135528/http://www.wizards.com/sideboard/event.asp?event=ptchi00,pt,INV standard
l8ugp31t,Croft,Michael,55329,14,25,Won 2-0,ptchi00,1557.6,1578.59,j60g0t0y,"Rumsey, Michael",1722.64,8.0,2000-12-01,True,Pro Tour Chicago 2000,http://web.archive.org/web/20130707135528/http://www.wizards.com/sideboard/event.asp?event=ptchi00,pt,INV standard
l8ugp31t,Croft,Michael,74909,1,206,Lost 1-2,gpdet01,1578.59,1559.16,emakqbsc,"Glowacki, Steven",1500.0,9.0,2001-03-31,False,Grand Prix Detroit 2001,web.archive.org/web/20131223090543/http://www.wizards.com/sideboard/event.asp?event=GPDET01,gp,PLS limited
l8ugp31t,Croft,Michael,75128,2,211,Won 2-0,gpdet01,1559.16,1575.18,rh3yuddg,"Johnson, Joshua",1450.5,9.0,2001-03-31,False,Grand Prix Detroit 2001,web.archive.org/web/20131223090543/http://www.wizards.com/sideboard/event.asp?event=GPDET01,gp,PLS limited
l8ugp31t,Croft,Michael,75310,3,130,Won 2-1,gpdet01,1575.18,1591.2,xgsnr25j,"Schamun, Donald",1466.02,9.0,2001-03-31,False,Grand Prix Detroit 2001,web.archive.org/web/20131223090543/http://www.wizards.com/sideboard/event.asp?event=GPDET01,gp,PLS limited
l8ugp31t,Croft,Michael,75579,4,129,Lost 0-2,gpdet01,1591.2,1572.02,5r9d86ti,"Wescoe, Craig",1526.3,9.0,2001-03-31,False,Grand Prix Detroit 2001,web.archive.org/web/20131223090543/http://www.wizards.com/sideboard/event.asp?event=GPDET01,gp,PLS limited
l8ugp31t,Croft,Michael,75875,5,160,Won 2-1,gpdet01,1572.02,1588.38,glt0gktw,"Gerstl, Jeff",1482.25,9.0,2001-03-31,False,Grand Prix Detroit 2001,web.archive.org/web/20131223090543/http://www.wizards.com/sideboard/event.asp?event=GPDET01,gp,PLS limited
l8ugp31t,Croft,Michael,76081,6,144,Lost 1-2,gpdet01,1588.38,1568.21,gyuwphbn,"Hefner, Eric",1468.7,9.0,2001-03-31,False,Grand Prix Detroit 2001,web.archive.org/web/20131223090543/http://www.wizards.com/sideboard/event.asp?event=GPDET01,gp,PLS limited
l8ugp31t,Croft,Michael,86018,1,47,Won 2-0,natca01,1568.21,1584.73,hcemvj9o,"Rennet, Alex",1487.14,,2001-07-20,False,2001 Canada National Championship,http://web.archive.org/web/20130511025531/http://www.wizards.com/sideboard/event.asp?event=CANNAT01,national,mixed
l8ugp31t,Croft,Michael,86038,2,19,Lost 0-2,natca01,1584.73,1565.52,ykm8qyph,"Chubaty, Alexei",1518.0,,2001-07-20,False,2001 Canada National Championship,http://web.archive.org/web/20130511025531/http://www.wizards.com/sideboard/event.asp?event=CANNAT01,national,mixed
l8ugp31t,Croft,Michael,86098,3,31,Won 2-0,natca01,1565.52,1584.84,wa441w39,"Lau, Sam [CAN]",1638.21,,2001-07-20,False,2001 Canada National Championship,http://web.archive.org/web/20130511025531/http://www.wizards.com/sideboard/event.asp?event=CANNAT01,national,mixed
l8ugp31t,Croft,Michael,86146,4,31,Lost 0-2,natca01,1584.84,1566.49,8sq8m1fr,"Bower, Michael",1565.42,,2001-07-20,False,2001 Canada National Championship,http://web.archive.org/web/20130511025531/http://www.wizards.com/sideboard/event.asp?event=CANNAT01,national,mixed
l8ugp31t,Croft,Michael,86209,5,46,Lost 1-2,natca01,1566.49,1547.36,r9znslji,"Liquidano, Jairo",1504.39,,2001-07-20,False,2001 Canada National Championship,http://web.archive.org/web/20130511025531/http://www.wizards.com/sideboard/event.asp?event=CANNAT01,national,mixed
l8ugp31t,Croft,Michael,86212,6,1,Won 2-1,natca01,1547.36,1563.93,rm5swt91,"Dumanski, Lukasz",1469.04,,2001-07-20,False,2001 Canada National Championship,http://web.archive.org/web/20130511025531/http://www.wizards.com/sideboard/event.asp?event=CANNAT01,national,mixed
l8ugp31t,Croft,Michael,86280,7,21,Lost 0-2,natca01,1563.93,1548.84,vcla8f0e,"Elarar, Jay",1724.64,,2001-07-20,False,2001 Canada National Championship,http://web.archive.org/web/20130511025531/http://www.wizards.com/sideboard/event.asp?event=CANNAT01,national,mixed
l8ugp31t,Croft,Michael,86337,8,32,Won 2-1,natca01,1548.84,1565.9,8wajp53c,"Kasunich, Rodney",1497.61,,2001-07-20,False,2001 Canada National Championship,http://web.archive.org/web/20130511025531/http://www.wizards.com/sideboard/event.asp?event=CANNAT01,national,mixed
l8ugp31t,Croft,Michael,86369,9,21,Won 2-1,natca01,1565.9,1582.71,3m96slyr,"Thicke, Michael",1500.18,,2001-07-20,False,2001 Canada National Championship,http://web.archive.org/web/20130511025531/http://www.wizards.com/sideboard/event.asp?event=CANNAT01,national,mixed
l8ugp31t,Croft,Michael,86403,10,19,Lost 1-2,natca01,1582.71,1563.06,r293nvlm,"Parton, Chris",1492.52,,2001-07-20,False,2001 Canada National Championship,http://web.archive.org/web/20130511025531/http://www.wizards.com/sideboard/event.asp?event=CANNAT01,national,mixed
5ysod3tm,Devenport,David,5799,1,92,Lost 0-0,ptla9899,1500.0,1482.0,hlwt81oy,"Kassis, Eli",1500.0,8.0,1999-02-26,True,Pro Tour Los Angeles 1999,https://web.archive.org/web/19990427221821/http://www.wizards.com:80/ProTour/LA_98_Cybercast.html,pt,UGS rochester
5ysod3tm,Devenport,David,5984,2,112,Won 2-0,ptla9899,1482.0,1500.0,otpumr3u,"Ysunza, Alberto",1482.0,8.0,1999-02-26,True,Pro Tour Los Angeles 1999,https://web.archive.org/web/19990427221821/http://www.wizards.com:80/ProTour/LA_98_Cybercast.html,pt,UGS rochester
5ysod3tm,Devenport,David,6056,3,19,Won 2-0,ptla9899,1500.0,1518.65,1xh5kt7x,"Burgner, Kurt",1535.69,8.0,1999-02-26,True,Pro Tour Los Angeles 1999,https://web.archive.org/web/19990427221821/http://www.wizards.com:80/ProTour/LA_98_Cybercast.html,pt,UGS rochester
5ysod3tm,Devenport,David,6221,4,21,Lost 0-2,ptla9899,1518.65,1505.63,7d05pfwn,"Finkel, Jon",1798.6,8.0,1999-02-26,True,Pro Tour Los Angeles 1999,https://web.archive.org/web/19990427221821/http://www.wizards.com:80/ProTour/LA_98_Cybercast.html,pt,UGS rochester
5ysod3tm,Devenport,David,6474,5,113,Won 2-1,ptla9899,1505.63,1523.57,ixu3os0g,"Krause, Jens",1502.71,8.0,1999-02-26,True,Pro Tour Los Angeles 1999,https://web.archive.org/web/19990427221821/http://www.wizards.com:80/ProTour/LA_98_Cybercast.html,pt,UGS rochester
5ysod3tm,Devenport,David,6593,6,68,Lost 0-0,ptla9899,1523.57,1508.82,tzu75jdp,"Selden, Brian",1703.64,8.0,1999-02-26,True,Pro Tour Los Angeles 1999,https://web.archive.org/web/19990427221821/http://www.wizards.com:80/ProTour/LA_98_Cybercast.html,pt,UGS rochester
5ysod3tm,Devenport,David,6771,7,98,Won 0-0,ptla9899,1508.82,1526.74,jxuxizzh,"Lee, Jee Hang",1504.31,8.0,1999-02-26,True,Pro Tour Los Angeles 1999,https://web.archive.org/web/19990427221821/http://www.wizards.com:80/ProTour/LA_98_Cybercast.html,pt,UGS rochester
5ysod3tm,Devenport,David,18179,1,148,Lost 0-2,ptlon9900,1526.74,1511.91,dpn76t3s,"Toikka, Seppo",1702.56,8.0,1999-10-15,True,Pro Tour London 1999,https://web.archive.org/web/20011122045935/http://www.wizards.com:80/International/sideboard/ptlondon99/ptlondon.coverage.asp,pt,UDS draft
5ysod3tm,Devenport,David,18254,2,69,Won 2-0,ptlon9900,1511.91,1529.37,7denbov4,"Smith, Jake [ENG]",1482.26,8.0,1999-10-15,True,Pro Tour London 1999,https://web.archive.org/web/20011122045935/http://www.wizards.com:80/International/sideboard/ptlondon99/ptlondon.coverage.asp,pt,UDS draft
5ysod3tm,Devenport,David,18360,3,21,Lost 0-2,ptlon9900,1529.37,1509.71,onlzvkiu,"Peleg, Uri",1438.21,8.0,1999-10-15,True,Pro Tour London 1999,https://web.archive.org/web/20011122045935/http://www.wizards.com:80/International/sideboard/ptlondon99/ptlondon.coverage.asp,pt,UDS draft
5ysod3tm,Devenport,David,18526,4,33,Lost 0-2,ptlon9900,1509.71,1494.95,rir6a0pu,"Lo Moro, Raffaele",1689.17,8.0,1999-10-15,True,Pro Tour London 1999,https://web.archive.org/web/20011122045935/http://www.wizards.com:80/International/sideboard/ptlondon99/ptlondon.coverage.asp,pt,UDS draft
5ysod3tm,Devenport,David,18707,5,60,Won 2-1,ptlon9900,1494.95,1514.81,o1wo7u5a,"Dworak, Florian",1596.83,8.0,1999-10-15,True,Pro Tour London 1999,https://web.archive.org/web/20011122045935/http://www.wizards.com:80/International/sideboard/ptlondon99/ptlondon.coverage.asp,pt,UDS draft
5ysod3tm,Devenport,David,18826,6,28,Lost 0-2,ptlon9900,1514.81,1501.09,6mia5w8m,"Konstanczer, Andre",1754.19,8.0,1999-10-15,True,Pro Tour London 1999,https://web.archive.org/web/20011122045935/http://www.wizards.com:80/International/sideboard/ptlondon99/ptlondon.coverage.asp,pt,UDS draft
5ysod3tm,Devenport,David,18960,7,24,Won 2-1,ptlon9900,1501.09,1518.55,cennx2oy,"Rikberg, Svante",1471.42,8.0,1999-10-15,True,Pro Tour London 1999,https://web.archive.org/web/20011122045935/http://www.wizards.com:80/International/sideboard/ptlondon99/ptlondon.coverage.asp,pt,UDS draft
5ysod3tm,Devenport,David,23878,1,15,Lost 0-2,ptchi9900,1518.55,1499.93,rki0bk6d,"Osterberg, Rickard",1484.87,8.0,1999-12-03,True,Pro Tour Chicago 1999,https://web.archive.org/web/20130511041917/https://www.wizards.com/sideboard/article.asp?x=PTCHICAGO9900/welcome,pt,extended
5ysod3tm,Devenport,David,24182,2,147,Won 2-1,ptchi9900,1499.93,1517.58,vctqcxqk,"Stewart, Mike",1480.55,8.0,1999-12-03,True,Pro Tour Chicago 1999,https://web.archive.org/web/20130511041917/https://www.wizards.com/sideboard/article.asp?x=PTCHICAGO9900/welcome,pt,extended
5ysod3tm,Devenport,David,24257,3,52,Won 2-1,ptchi9900,1517.58,1542.8,xc890hpf,"Mowshowitz, Zvi",1936.71,8.0,1999-12-03,True,Pro Tour Chicago 1999,https://web.archive.org/web/20130511041917/https://www.wizards.com/sideboard/article.asp?x=PTCHICAGO9900/welcome,pt,extended
5ysod3tm,Devenport,David,24421,4,47,Lost 1-2,ptchi9900,1542.8,1529.75,akq5t76h,"Rubin, Benjamin",1821.17,8.0,1999-12-03,True,Pro Tour Chicago 1999,https://web.archive.org/web/20130511041917/https://www.wizards.com/sideboard/article.asp?x=PTCHICAGO9900/welcome,pt,extended
5ysod3tm,Devenport,David,24633,5,97,Lost 1-2,ptchi9900,1529.75,1511.22,gq32kwch,"Anderson, Alex",1500.82,8.0,1999-12-03,True,Pro Tour Chicago 1999,https://web.archive.org/web/20130511041917/https://www.wizards.com/sideboard/article.asp?x=PTCHICAGO9900/welcome,pt,extended
5ysod3tm,Devenport,David,24780,6,94,Won 2-0,ptchi9900,1511.22,1528.95,gjty8jxb,"Baillargeon, Rene",1496.66,8.0,1999-12-03,True,Pro Tour Chicago 1999,https://web.archive.org/web/20130511041917/https://www.wizards.com/sideboard/article.asp?x=PTCHICAGO9900/welcome,pt,extended
5ysod3tm,Devenport,David,24914,7,94,Won 2-1,ptchi9900,1528.95,1547.39,7fd880he,"Renko, Andrej",1552.63,8.0,1999-12-03,True,Pro Tour Chicago 1999,https://web.archive.org/web/20130511041917/https://www.wizards.com/sideboard/article.asp?x=PTCHICAGO9900/welcome,pt,extended
5ysod3tm,Devenport,David,27530,1,46,Won 2-0,ptla9900,1547.39,1568.89,kz9ouawy,"Hacker, Brian",1741.73,8.0,2000-02-04,True,Pro Tour Los Angeles 2000,http://web.archive.org/web/20130511052628/http://www.wizards.com/sideboard/article.asp?x=PTLA9900/welcome,pt,MMQ draft
5ysod3tm,Devenport,David,27802,2,159,Won 2-0,ptla9900,1568.89,1588.27,2qz6dbf4,"Betti, Alessandro",1644.7,8.0,2000-02-04,True,Pro Tour Los Angeles 2000,http://web.archive.org/web/20130511052628/http://www.wizards.com/sideboard/article.asp?x=PTLA9900/welcome,pt,MMQ draft
5ysod3tm,Devenport,David,27805,3,3,Lost 0-2,ptla9900,1588.27,1569.41,md7wknt0,"Cunniff, Raphael",1541.5,8.0,2000-02-04,True,Pro Tour Los Angeles 2000,http://web.archive.org/web/20130511052628/http://www.wizards.com/sideboard/article.asp?x=PTLA9900/welcome,pt,MMQ draft
5ysod3tm,Devenport,David,28110,4,149,Won 2-1,ptla9900,1569.41,1591.29,re446ggx,"Dobson, Tony",1785.1,8.0,2000-02-04,True,Pro Tour Los Angeles 2000,http://web.archive.org/web/20130511052628/http://www.wizards.com/sideboard/article.asp?x=PTLA9900/welcome,pt,MMQ draft
5ysod3tm,Devenport,David,28144,5,26,Won 2-1,ptla9900,1591.29,1614.94,i8olnjut,"Jensen, William",1912.09,8.0,2000-02-04,True,Pro Tour Los Angeles 2000,http://web.archive.org/web/20130511052628/http://www.wizards.com/sideboard/article.asp?x=PTLA9900/welcome,pt,MMQ draft
5ysod3tm,Devenport,David,28332,6,60,Won 2-0,ptla9900,1614.94,1632.34,wg3frz2o,"Mukka, Daniel",1581.77,8.0,2000-02-04,True,Pro Tour Los Angeles 2000,http://web.archive.org/web/20130511052628/http://www.wizards.com/sideboard/article.asp?x=PTLA9900/welcome,pt,MMQ draft
5ysod3tm,Devenport,David,28423,7,9,Draw 1-1,ptla9900,1632.34,1631.41,b7kybd2b,"Fear, Edward",1581.48,8.0,2000-02-04,True,Pro Tour Los Angeles 2000,http://web.archive.org/web/20130511052628/http://www.wizards.com/sideboard/article.asp?x=PTLA9900/welcome,pt,MMQ draft
5ysod3tm,Devenport,David,28559,8,16,Won 2-0,ptla9900,1631.41,1652.36,eicssc44,"Linde, Matt",1794.62,8.0,2000-02-04,True,Pro Tour Los Angeles 2000,http://web.archive.org/web/20130511052628/http://www.wizards.com/sideboard/article.asp?x=PTLA9900/welcome,pt,MMQ draft
5ysod3tm,Devenport,David,28594,9,3,Lost 1-2,ptla9900,1652.36,1633.73,y6hfwkuy,"Parker, Brock",1617.92,8.0,2000-02-04,True,Pro Tour Los Angeles 2000,http://web.archive.org/web/20130511052628/http://www.wizards.com/sideboard/article.asp?x=PTLA9900/welcome,pt,MMQ draft
5ysod3tm,Devenport,David,28648,10,9,Won 2-1,ptla9900,1633.73,1654.84,tkedeyu1,"Refsdal, Gunnar",1805.57,8.0,2000-02-04,True,Pro Tour Los Angeles 2000,http://web.archive.org/web/20130511052628/http://www.wizards.com/sideboard/article.asp?x=PTLA9900/welcome,pt,MMQ draft
5ysod3tm,Devenport,David,28703,11,16,Won 2-0,ptla9900,1654.84,1671.96,j60g0t0y,"Rumsey, Michael",1606.69,8.0,2000-02-04,True,Pro Tour Los Angeles 2000,http://web.archive.org/web/20130511052628/http://www.wizards.com/sideboard/article.asp?x=PTLA9900/welcome,pt,MMQ draft
5ysod3tm,Devenport,David,28750,12,16,Draw 1-1,ptla9900,1671.96,1672.6,7b9zp0ro,"Tsang, Terry",1707.24,8.0,2000-02-04,True,Pro Tour Los Angeles 2000,http://web.archive.org/web/20130511052628/http://www.wizards.com/sideboard/article.asp?x=PTLA9900/welcome,pt,MMQ draft
5ysod3tm,Devenport,David,28819,13,38,Lost 1-2,ptla9900,1672.6,1656.6,x30tijbu,"Long, Mike 2",1782.57,8.0,2000-02-04,True,Pro Tour Los Angeles 2000,http://web.archive.org/web/20130511052628/http://www.wizards.com/sideboard/article.asp?x=PTLA9900/welcome,pt,MMQ draft
5ysod3tm,Devenport,David,28855,14,29,Lost 0-2,ptla9900,1656.6,1640.09,1wf5pxwc,"Bachmann, David",1738.43,8.0,2000-02-04,True,Pro Tour Los Angeles 2000,http://web.archive.org/web/20130511052628/http://www.wizards.com/sideboard/article.asp?x=PTLA9900/welcome,pt,MMQ draft
5ysod3tm,Devenport,David,31639,1,76,Won 2-1,ptny9900,1640.09,1655.88,b8epq6uk,"Pascoli, Mario",1518.19,8.0,2000-04-14,True,Pro Tour New York 2000,https://web.archive.org/web/20000510230426/http://www.wizards.com/sideboard/event.asp?event=PTNY00,pt,Masques block
5ysod3tm,Devenport,David,31723,2,5,Won 2-1,ptny9900,1655.88,1673.28,e1amzkrq,"Senhouse, Chris",1623.15,8.0,2000-04-14,True,Pro Tour New York 2000,https://web.archive.org/web/20000510230426/http://www.wizards.com/sideboard/event.asp?event=PTNY00,pt,Masques block
5ysod3tm,Devenport,David,31894,3,22,Lost 0-2,ptny9900,1673.28,1653.17,mfkt49nz,"Means, Jason",1557.1,8.0,2000-04-14,True,Pro Tour New York 2000,https://web.archive.org/web/20000510230426/http://www.wizards.com/sideboard/event.asp?event=PTNY00,pt,Masques block
5ysod3tm,Devenport,David,32055,4,30,Won 2-0,ptny9900,1653.17,1669.79,rv6bfz6q,"Colgan, Patrick",1577.21,8.0,2000-04-14,True,Pro Tour New York 2000,https://web.archive.org/web/20000510230426/http://www.wizards.com/sideboard/event.asp?event=PTNY00,pt,Masques block
5ysod3tm,Devenport,David,32185,5,12,Won 2-1,ptny9900,1669.79,1691.28,kud1xobi,"Marks, John",1863.39,8.0,2000-04-14,True,Pro Tour New York 2000,https://web.archive.org/web/20000510230426/http://www.wizards.com/sideboard/event.asp?event=PTNY00,pt,Masques block
5ysod3tm,Devenport,David,32327,6,17,Won 2-0,ptny9900,1691.28,1712.74,7d05pfwn,"Finkel, Jon",1883.39,8.0,2000-04-14,True,Pro Tour New York 2000,https://web.archive.org/web/20000510230426/http://www.wizards.com/sideboard/event.asp?event=PTNY00,pt,Masques block
5ysod3tm,Devenport,David,32441,7,7,Won 2-0,ptny9900,1712.74,1733.74,sjb0yc2a,"Krakower, Gary",1878.86,8.0,2000-04-14,True,Pro Tour New York 2000,https://web.archive.org/web/20000510230426/http://www.wizards.com/sideboard/event.asp?event=PTNY00,pt,Masques block
5ysod3tm,Devenport,David,32547,8,3,Lost 0-2,ptny9900,1733.74,1714.48,p2uyey0a,"Globus, Mark",1664.75,8.0,2000-04-14,True,Pro Tour New York 2000,https://web.archive.org/web/20000510230426/http://www.wizards.com/sideboard/event.asp?event=PTNY00,pt,Masques block
5ysod3tm,Devenport,David,32605,9,13,Won 2-1,ptny9900,1714.48,1729.96,xho7w0q0,"Malka, Sol",1575.1,8.0,2000-04-14,True,Pro Tour New York 2000,https://web.archive.org/web/20000510230426/http://www.wizards.com/sideboard/event.asp?event=PTNY00,pt,Masques block
5ysod3tm,Devenport,David,32648,10,8,Lost 0-1,ptny9900,1729.96,1714.34,o8q1tnkp,"Blackwell, Trevor",1861.25,8.0,2000-04-14,True,Pro Tour New York 2000,https://web.archive.org/web/20000510230426/http://www.wizards.com/sideboard/event.asp?event=PTNY00,pt,Masques block
5ysod3tm,Devenport,David,32701,11,13,Draw 1-1,ptny9900,1714.34,1715.17,k1sgp7cn,"Thompson, Mike",1759.78,8.0,2000-04-14,True,Pro Tour New York 2000,https://web.archive.org/web/20000510230426/http://www.wizards.com/sideboard/event.asp?event=PTNY00,pt,Masques block
5ysod3tm,Devenport,David,32748,12,13,Won 2-1,ptny9900,1715.17,1731.01,ha4m5jus,"Ziegler, Eric",1596.52,8.0,2000-04-14,True,Pro Tour New York 2000,https://web.archive.org/web/20000510230426/http://www.wizards.com/sideboard/event.asp?event=PTNY00,pt,Masques block
5ysod3tm,Devenport,David,32791,13,10,Draw 1-1,ptny9900,1731.01,1732.97,rbfnurpp,"Ruel, Olivier",1838.65,8.0,2000-04-14,True,Pro Tour New York 2000,https://web.archive.org/web/20000510230426/http://www.wizards.com/sideboard/event.asp?event=PTNY00,pt,Masques block
5ysod3tm,Devenport,David,32839,14,13,Lost 0-2,ptny9900,1732.97,1713.18,3jyu2m2g,"Bui, Lucien",1634.79,8.0,2000-04-14,True,Pro Tour New York 2000,https://web.archive.org/web/20000510230426/http://www.wizards.com/sideboard/event.asp?event=PTNY00,pt,Masques block
5ysod3tm,Devenport,David,32908,1,31,Lost 0-1,natus00,1713.18,1691.35,fok7yaj6,"Akbar, David",1500.0,,2000-06-09,False,2000 United States National Championship,http://web.archive.org/web/20140204000732/http://www.wizards.com/sideboard/article.asp?x=usnat00/welcome,national,mixed
5ysod3tm,Devenport,David,32952,2,1,Won 2-0,natus00,1691.35,1705.59,bmkia0ef,"Speelman, Brian",1481.85,,2000-06-09,False,2000 United States National Championship,http://web.archive.org/web/20140204000732/http://www.wizards.com/sideboard/article.asp?x=usnat00/welcome,national,mixed
5ysod3tm,Devenport,David,33082,3,58,Lost 0-2,natus00,1705.59,1689.11,x30tijbu,"Long, Mike 2",1789.05,,2000-06-09,False,2000 United States National Championship,http://web.archive.org/web/20140204000732/http://www.wizards.com/sideboard/article.asp?x=usnat00/welcome,national,mixed
5ysod3tm,Devenport,David,33143,4,46,Won 2-0,natus00,1689.11,1704.3,bj1hhbn1,"Sangiamvongse, Prasong",1534.15,,2000-06-09,False,2000 United States National Championship,http://web.archive.org/web/20140204000732/http://www.wizards.com/sideboard/article.asp?x=usnat00/welcome,national,mixed
5ysod3tm,Devenport,David,33240,5,67,Won 2-0,natus00,1704.3,1718.34,rba7r876,"Winkelstein, Jerry",1483.61,,2000-06-09,False,2000 United States National Championship,http://web.archive.org/web/20140204000732/http://www.wizards.com/sideboard/article.asp?x=usnat00/welcome,national,mixed
5ysod3tm,Devenport,David,33267,6,23,Draw 0-0,natus00,1718.34,1716.84,mfxbivb3,"Davis, Brian",1635.79,,2000-06-09,False,2000 United States National Championship,http://web.archive.org/web/20140204000732/http://www.wizards.com/sideboard/article.asp?x=usnat00/welcome,national,mixed
5ysod3tm,Devenport,David,33342,7,28,Lost 0-2,natus00,1716.84,1695.27,a50oh2an,"Mitchell, Alex",1518.74,,2000-06-09,False,2000 United States National Championship,http://web.archive.org/web/20140204000732/http://www.wizards.com/sideboard/article.asp?x=usnat00/welcome,national,mixed
5ysod3tm,Devenport,David,38426,1,111,Won 2-0,worlds2000,1695.27,1709.02,44nxpm67,"Luncumilla, Mario",1457.76,,2000-08-02,True,2000 World Championship,http://web.archive.org/web/20131212232156/http://www.wizards.com/sideboard/worlds2000/,pt,mixed
5ysod3tm,Devenport,David,38476,2,25,Lost 0-2,worlds2000,1709.02,1687.2,v20foi6s,"Komiya, Tadayoshi",1496.44,,2000-08-02,True,2000 World Championship,http://web.archive.org/web/20131212232156/http://www.wizards.com/sideboard/worlds2000/,pt,mixed
5ysod3tm,Devenport,David,38685,3,98,Draw 1-1,worlds2000,1687.2,1687.66,eegi0alc,"Frayman, Igor",1712.32,,2000-08-02,True,2000 World Championship,http://web.archive.org/web/20131212232156/http://www.wizards.com/sideboard/worlds2000/,pt,mixed
5ysod3tm,Devenport,David,38792,4,69,Draw 1-1,worlds2000,1687.66,1690.59,akq5t76h,"Rubin, Benjamin",1849.66,,2000-08-02,True,2000 World Championship,http://web.archive.org/web/20131212232156/http://www.wizards.com/sideboard/worlds2000/,pt,mixed
5ysod3tm,Devenport,David,38951,5,92,Lost 0-2,worlds2000,1690.59,1674.68,tng51q5k,"Tsang, Gabriel",1805.65,,2000-08-02,True,2000 World Championship,http://web.archive.org/web/20131212232156/http://www.wizards.com/sideboard/worlds2000/,pt,mixed
5ysod3tm,Devenport,David,39104,6,109,Won 2-0,worlds2000,1674.68,1693.58,vhx52vyj,"Chapela, Gustavo",1723.88,,2000-08-02,True,2000 World Championship,http://web.archive.org/web/20131212232156/http://www.wizards.com/sideboard/worlds2000/,pt,mixed
5ysod3tm,Devenport,David,39217,7,86,Lost 0-2,worlds2000,1693.58,1678.15,rbfnurpp,"Ruel, Olivier",1835.67,,2000-08-02,True,2000 World Championship,http://web.archive.org/web/20131212232156/http://www.wizards.com/sideboard/worlds2000/,pt,mixed
5ysod3tm,Devenport,David,39359,8,92,Won 2-0,worlds2000,1678.15,1692.89,q9oj2z5z,"Pavin, Pedro",1497.35,,2000-08-02,True,2000 World Championship,http://web.archive.org/web/20131212232156/http://www.wizards.com/sideboard/worlds2000/,pt,mixed
5ysod3tm,Devenport,David,39490,9,87,Won 2-0,worlds2000,1692.89,1707.26,7wogggjr,"Ross, Edward",1491.53,,2000-08-02,True,2000 World Championship,http://web.archive.org/web/20131212232156/http://www.wizards.com/sideboard/worlds2000/,pt,mixed
5ysod3tm,Devenport,David,39645,10,106,Lost 1-2,worlds2000,1707.26,1685.44,ixym11tg,"Gunnarsson, Sigurdur Orn",1494.31,,2000-08-02,True,2000 World Championship,http://web.archive.org/web/20131212232156/http://www.wizards.com/sideboard/worlds2000/,pt,mixed
5ysod3tm,Devenport,David,39801,11,126,Lost 1-2,worlds2000,1685.44,1665.53,kk1e1gg6,"Remie, Jeroen",1580.62,,2000-08-02,True,2000 World Championship,http://web.archive.org/web/20131212232156/http://www.wizards.com/sideboard/worlds2000/,pt,mixed
5ysod3tm,Devenport,David,39905,12,94,Won 2-0,worlds2000,1665.53,1679.76,n7jfrlw0,"Potocnik, Marko",1455.81,,2000-08-02,True,2000 World Championship,http://web.archive.org/web/20131212232156/http://www.wizards.com/sideboard/worlds2000/,pt,mixed
5ysod3tm,Devenport,David,40021,13,75,Lost 1-2,worlds2000,1679.76,1659.78,f4kwvtym,"Tejnsky, Petr",1570.44,,2000-08-02,True,2000 World Championship,http://web.archive.org/web/20131212232156/http://www.wizards.com/sideboard/worlds2000/,pt,mixed
5ysod3tm,Devenport,David,40166,14,89,Won 2-0,worlds2000,1659.78,1674.31,l46izqvm,"Cetl, Erwin",1467.25,,2000-08-02,True,2000 World Championship,http://web.archive.org/web/20131212232156/http://www.wizards.com/sideboard/worlds2000/,pt,mixed
5ysod3tm,Devenport,David,40284,15,77,Draw 1-1,worlds2000,1674.31,1671.04,iq2ujaqc,"Tokoli, Zsolt",1493.08,,2000-08-02,True,2000 World Championship,http://web.archive.org/web/20131212232156/http://www.wizards.com/sideboard/worlds2000/,pt,mixed
5ysod3tm,Devenport,David,40409,16,73,Won 2-1,worlds2000,1671.04,1687.31,qwi1u49e,"Eder, Wolfgang",1575.89,,2000-08-02,True,2000 World Championship,http://web.archive.org/web/20131212232156/http://www.wizards.com/sideboard/worlds2000/,pt,mixed
5ysod3tm,Devenport,David,40530,17,66,Lost 1-2,worlds2000,1687.31,1665.89,o88igpb8,"Lin, Yi Jie",1497.67,,2000-08-02,True,2000 World Championship,http://web.archive.org/web/20131212232156/http://www.wizards.com/sideboard/worlds2000/,pt,mixed
5ysod3tm,Devenport,David,40670,18,80,Won 2-0,worlds2000,1665.89,1679.85,mw7zh0c6,"Mortensen, Allan",1440.48,,2000-08-02,True,2000 World Championship,http://web.archive.org/web/20131212232156/http://www.wizards.com/sideboard/worlds2000/,pt,mixed
5ysod3tm,Devenport,David,111290,3,33,Won 2-0,gpatl01,1679.85,1696.88,t52w0d64,"Stead, Bill",1626.6,8.0,2001-11-17,False,Grand Prix Atlanta 2001,http://web.archive.org/web/20170412232728/http://magic.wizards.com/en/events/coverage/gpatl01,gp,ODY limited
5ysod3tm,Devenport,David,111423,4,13,Draw 1-1,gpatl01,1696.88,1693.12,6n8achti,"Fox, Brian",1488.14,8.0,2001-11-17,False,Grand Prix Atlanta 2001,http://web.archive.org/web/20170412232728/http://magic.wizards.com/en/events/coverage/gpatl01,gp,ODY limited
5ysod3tm,Devenport,David,111600,5,31,Lost 0-2,gpatl01,1693.12,1672.33,o68w48fk,"Racht, Adam",1539.01,8.0,2001-11-17,False,Grand Prix Atlanta 2001,http://web.archive.org/web/20170412232728/http://magic.wizards.com/en/events/coverage/gpatl01,gp,ODY limited
5ysod3tm,Devenport,David,111763,6,56,Won 2-0,gpatl01,1672.33,1687.86,h3ghg6fb,"Napelenok, Sergey",1535.96,8.0,2001-11-17,False,Grand Prix Atlanta 2001,http://web.archive.org/web/20170412232728/http://magic.wizards.com/en/events/coverage/gpatl01,gp,ODY limited
5ysod3tm,Devenport,David,111864,7,38,Won 2-0,gpatl01,1687.86,1703.44,sn6qi49u,"Vicker, Justin",1554.61,8.0,2001-11-17,False,Grand Prix Atlanta 2001,http://web.archive.org/web/20170412232728/http://magic.wizards.com/en/events/coverage/gpatl01,gp,ODY limited
5ysod3tm,Devenport,David,111948,8,25,Lost 1-2,gpatl01,1703.44,1685.19,5r9d86ti,"Wescoe, Craig",1689.41,8.0,2001-11-17,False,Grand Prix Atlanta 2001,http://web.archive.org/web/20170412232728/http://magic.wizards.com/en/events/coverage/gpatl01,gp,ODY limited
5ysod3tm,Devenport,David,111966,9,11,Won 2-0,gpatl01,1685.19,1698.78,ridicma8,"Ericson, William",1438.47,8.0,2001-11-17,False,Grand Prix Atlanta 2001,http://web.archive.org/web/20170412232728/http://magic.wizards.com/en/events/coverage/gpatl01,gp,ODY limited
5ysod3tm,Devenport,David,112002,10,15,Lost 0-2,gpatl01,1698.78,1677.77,wqqacddt,"Braden, C. Uriah",1532.11,8.0,2001-11-17,False,Grand Prix Atlanta 2001,http://web.archive.org/web/20170412232728/http://magic.wizards.com/en/events/coverage/gpatl01,gp,ODY limited
5ysod3tm,Devenport,David,112035,11,17,Won 2-0,gpatl01,1677.77,1697.0,pg01kjgb,"Stern, Dustin",1745.74,8.0,2001-11-17,False,Grand Prix Atlanta 2001,http://web.archive.org/web/20170412232728/http://magic.wizards.com/en/events/coverage/gpatl01,gp,ODY limited
5ysod3tm,Devenport,David,112058,12,9,Lost 1-2,gpatl01,1697.0,1684.6,23yeyopm,"Humpherys, David",2014.48,8.0,2001-11-17,False,Grand Prix Atlanta 2001,http://web.archive.org/web/20170412232728/http://magic.wizards.com/en/events/coverage/gpatl01,gp,ODY limited
5ysod3tm,Devenport,David,112096,13,17,Lost 1-2,gpatl01,1684.6,1665.67,t52w0d64,"Stead, Bill",1633.5,8.0,2001-11-17,False,Grand Prix Atlanta 2001,http://web.archive.org/web/20170412232728/http://magic.wizards.com/en/events/coverage/gpatl01,gp,ODY limited
h0x63109,Danziger,Tim,5840,1,133,Won 0-0,ptla9899,1500.0,1519.5,nmd4wjmk,"Mariani, Rui",1582.55,8.0,1999-02-26,True,Pro Tour Los Angeles 1999,https://web.archive.org/web/19990427221821/http://www.wizards.com:80/ProTour/LA_98_Cybercast.html,pt,UGS rochester
h0x63109,Danziger,Tim,5997,2,125,Won 2-1,ptla9899,1519.5,1541.48,0vv09xrl,"Geertsen, Svend",1741.11,8.0,1999-02-26,True,Pro Tour Los Angeles 1999,https://web.archive.org/web/19990427221821/http://www.wizards.com:80/ProTour/LA_98_Cybercast.html,pt,UGS rochester
h0x63109,Danziger,Tim,6197,3,161,Won 2-1,ptla9899,1541.48,1561.33,k5n0yv6s,"Kesselman, Eric",1643.36,8.0,1999-02-26,True,Pro Tour Los Angeles 1999,https://web.archive.org/web/19990427221821/http://www.wizards.com:80/ProTour/LA_98_Cybercast.html,pt,UGS rochester
h0x63109,Danziger,Tim,6342,4,143,Won 2-0,ptla9899,1561.33,1578.6,cz5i7ggq,"Lavoisier, Regis",1521.4,8.0,1999-02-26,True,Pro Tour Los Angeles 1999,https://web.archive.org/web/19990427221821/http://www.wizards.com:80/ProTour/LA_98_Cybercast.html,pt,UGS rochester
h0x63109,Danziger,Tim,6415,5,54,Lost 0-2,ptla9899,1578.6,1564.78,7d05pfwn,"Finkel, Jon",1811.62,8.0,1999-02-26,True,Pro Tour Los Angeles 1999,https://web.archive.org/web/19990427221821/http://www.wizards.com:80/ProTour/LA_98_Cybercast.html,pt,UGS rochester
h0x63109,Danziger,Tim,6589,6,64,Lost 0-0,ptla9899,1564.78,1546.97,izijqofa,"Courtois, Frederic",1575.58,8.0,1999-02-26,True,Pro Tour Los Angeles 1999,https://web.archive.org/web/19990427221821/http://www.wizards.com:80/ProTour/LA_98_Cybercast.html,pt,UGS rochester
h0x63109,Danziger,Tim,6716,7,43,ID,ptla9899,1546.97,1546.97,pdeqeu28,"Glockner, Tim",1679.88,8.0,1999-02-26,True,Pro Tour Los Angeles 1999,https://web.archive.org/web/19990427221821/http://www.wizards.com:80/ProTour/LA_98_Cybercast.html,pt,UGS rochester
h0x63109,Danziger,Tim,6800,8,1,Lost 0-0,ptla9899,1546.97,1528.81,j60g0t0y,"Rumsey, Michael",1538.08,8.0,1999-02-26,True,Pro Tour Los Angeles 1999,https://web.archive.org/web/19990427221821/http://www.wizards.com:80/ProTour/LA_98_Cybercast.html,pt,UGS rochester
h0x63109,Danziger,Tim,6854,9,7,Lost 1-2,ptla9899,1528.81,1510.29,2gq06xoy,"Kornblith, Charles",1500.32,8.0,1999-02-26,True,Pro Tour Los Angeles 1999,https://web.archive.org/web/19990427221821/http://www.wizards.com:80/ProTour/LA_98_Cybercast.html,pt,UGS rochester
h0x63109,Danziger,Tim,6937,10,44,Won 2-0,ptla9899,1510.29,1528.23,e0y8e8tl,"Medina, Carlos",1506.65,8.0,1999-02-26,True,Pro Tour Los Angeles 1999,https://web.archive.org/web/19990427221821/http://www.wizards.com:80/ProTour/LA_98_Cybercast.html,pt,UGS rochester
h0x63109,Danziger,Tim,6979,11,40,Won 2-0,ptla9899,1528.23,1545.92,xqbrgyje,"Coltman, Dane",1511.39,8.0,1999-02-26,True,Pro Tour Los Angeles 1999,https://web.archive.org/web/19990427221821/http://www.wizards.com:80/ProTour/LA_98_Cybercast.html,pt,UGS rochester
h0x63109,Danziger,Tim,12933,1,12,Lost 1-2,natus99,1545.92,1529.07,9lh9td82,"Williams, David A",1608.93,,1999-07-02,False,1999 United States National Championship,http://web.archive.org/web/20130511073158/https://www.wizards.com/sideboard/article.asp?x=USNAT99/welcome,national,mixed
h0x63109,Danziger,Tim,13099,3,28,Won 1-0,natus99,1529.07,1546.9,g9n13vaw,"Gilpin, Steven",1520.1,,1999-07-02,False,1999 United States National Championship,http://web.archive.org/web/20130511073158/https://www.wizards.com/sideboard/article.asp?x=USNAT99/welcome,national,mixed
h0x63109,Danziger,Tim,13183,4,37,Won 2-0,natus99,1546.9,1564.46,9bxx16g8,"Schilling, Adam",1522.69,,1999-07-02,False,1999 United States National Championship,http://web.archive.org/web/20130511073158/https://www.wizards.com/sideboard/article.asp?x=USNAT99/welcome,national,mixed
h0x63109,Danziger,Tim,13230,5,9,Lost 0-2,natus99,1564.46,1547.99,odhvtx18,"Leiher, Peter",1648.14,,1999-07-02,False,1999 United States National Championship,http://web.archive.org/web/20130511073158/https://www.wizards.com/sideboard/article.asp?x=USNAT99/welcome,national,mixed
h0x63109,Danziger,Tim,13328,6,36,Won 2-1,natus99,1547.99,1565.56,zfoxbzs7,"Gaurano, Larry",1524.5,,1999-07-02,False,1999 United States National Championship,http://web.archive.org/web/20130511073158/https://www.wizards.com/sideboard/article.asp?x=USNAT99/welcome,national,mixed
h0x63109,Danziger,Tim,13377,7,20,Lost 0-2,natus99,1565.56,1547.08,37ilvhl9,"Weber, Joe",1539.49,,1999-07-02,False,1999 United States National Championship,http://web.archive.org/web/20130511073158/https://www.wizards.com/sideboard/article.asp?x=USNAT99/welcome,national,mixed
h0x63109,Danziger,Tim,17187,3,14,Lost 0-0,gpmem99,1547.08,1528.27,b1jisvvl,"Marks, Jason",1502.67,8.0,1999-09-18,False,Grand Prix Memphis 1999,http://web.archive.org/web/19991012164022/http://newwave.org/tournrep/gpmemphis/index.html,gp,Urza's block
h0x63109,Danziger,Tim,17394,4,60,Draw 0-0,gpmem99,1528.27,1528.08,l2v7sjw8,"Sullivan, Harold",1517.96,8.0,1999-09-18,False,Grand Prix Memphis 1999,http://web.archive.org/web/19991012164022/http://newwave.org/tournrep/gpmemphis/index.html,gp,Urza's block
h0x63109,Danziger,Tim,17564,5,75,Won 0-0,gpmem99,1528.08,1545.58,lpodsr6s,"Tice, Doug",1500.63,8.0,1999-09-18,False,Grand Prix Memphis 1999,http://web.archive.org/web/19991012164022/http://newwave.org/tournrep/gpmemphis/index.html,gp,Urza's block
h0x63109,Danziger,Tim,17678,6,49,Won 0-0,gpmem99,1545.58,1563.38,o3f75z2l,"Loden, Lance",1534.48,8.0,1999-09-18,False,Grand Prix Memphis 1999,http://web.archive.org/web/19991012164022/http://newwave.org/tournrep/gpmemphis/index.html,gp,Urza's block
h0x63109,Danziger,Tim,17778,7,29,Lost 0-0,gpmem99,1563.38,1545.17,koznq4g9,"Burt, Jarod",1551.7,8.0,1999-09-18,False,Grand Prix Memphis 1999,http://web.archive.org/web/19991012164022/http://newwave.org/tournrep/gpmemphis/index.html,gp,Urza's block
h0x63109,Danziger,Tim,27542,1,58,Lost 0-2,ptla9900,1545.17,1529.79,kdcqu71i,"Marsh, Warren",1689.93,8.0,2000-02-04,True,Pro Tour Los Angeles 2000,http://web.archive.org/web/20130511052628/http://www.wizards.com/sideboard/article.asp?x=PTLA9900/welcome,pt,MMQ draft
h0x63109,Danziger,Tim,27736,2,93,Lost 1-2,ptla9900,1529.79,1514.21,mfxbivb3,"Davis, Brian",1663.1,8.0,2000-02-04,True,Pro Tour Los Angeles 2000,http://web.archive.org/web/20130511052628/http://www.wizards.com/sideboard/article.asp?x=PTLA9900/welcome,pt,MMQ draft
h0x63109,Danziger,Tim,27893,3,91,Lost 0-2,ptla9900,1514.21,1497.3,uw480u5f,"Wright, Randy",1574.17,8.0,2000-02-04,True,Pro Tour Los Angeles 2000,http://web.archive.org/web/20130511052628/http://www.wizards.com/sideboard/article.asp?x=PTLA9900/welcome,pt,MMQ draft
h0x63109,Danziger,Tim,28056,4,95,Draw 1-1,ptla9900,1497.3,1501.21,5z3o5vm3,"Dougherty, Robert",1714.92,8.0,2000-02-04,True,Pro Tour Los Angeles 2000,http://web.archive.org/web/20130511052628/http://www.wizards.com/sideboard/article.asp?x=PTLA9900/welcome,pt,MMQ draft
h0x63109,Danziger,Tim,28193,5,75,Won 2-0,ptla9900,1501.21,1518.29,diogc5cp,"Van Borm, Hicham",1450.74,8.0,2000-02-04,True,Pro Tour Los Angeles 2000,http://web.archive.org/web/20130511052628/http://www.wizards.com/sideboard/article.asp?x=PTLA9900/welcome,pt,MMQ draft
h0x63109,Danziger,Tim,28301,6,29,Won 2-1,ptla9900,1518.29,1538.7,4cpbo0gv,"Gleizes, Camille",1651.48,8.0,2000-02-04,True,Pro Tour Los Angeles 2000,http://web.archive.org/web/20130511052628/http://www.wizards.com/sideboard/article.asp?x=PTLA9900/welcome,pt,MMQ draft
h0x63109,Danziger,Tim,28426,7,12,Won 2-0,ptla9900,1538.7,1558.16,qiotvabr,"Cavaglieri, William",1618.84,8.0,2000-02-04,True,Pro Tour Los Angeles 2000,http://web.archive.org/web/20130511052628/http://www.wizards.com/sideboard/article.asp?x=PTLA9900/welcome,pt,MMQ draft
h0x63109,Danziger,Tim,44820,3,30,Draw 1-1,gpdal00,1558.16,1558.94,ezkzeo8v,"Stroud, James",1600.74,8.0,2000-10-28,False,Grand Prix Dallas 2000,http://web.archive.org/web/20130511050013/http://www.wizards.com/sideboard/event.asp?event=GPDAL00,gp,INV limited
h0x63109,Danziger,Tim,44962,4,50,Won 2-1,gpdal00,1558.94,1576.45,00oqanla,"Arreola, Saul",1531.99,8.0,2000-10-28,False,Grand Prix Dallas 2000,http://web.archive.org/web/20130511050013/http://www.wizards.com/sideboard/event.asp?event=GPDAL00,gp,INV limited
h0x63109,Danziger,Tim,45077,5,27,Won 2-0,gpdal00,1576.45,1592.84,9w5qf5q1,"Hoffpauir, Mike",1488.02,8.0,2000-10-28,False,Grand Prix Dallas 2000,http://web.archive.org/web/20130511050013/http://www.wizards.com/sideboard/event.asp?event=GPDAL00,gp,INV limited
h0x63109,Danziger,Tim,45182,6,12,Won 2-1,gpdal00,1592.84,1610.31,7h18qwbk,"Seville, Scott",1564.09,8.0,2000-10-28,False,Grand Prix Dallas 2000,http://web.archive.org/web/20130511050013/http://www.wizards.com/sideboard/event.asp?event=GPDAL00,gp,INV limited
h0x63109,Danziger,Tim,45281,7,6,Lost 0-2,gpdal00,1610.31,1591.78,xva9s4ab,"Lee, Jonathan",1580.83,8.0,2000-10-28,False,Grand Prix Dallas 2000,http://web.archive.org/web/20130511050013/http://www.wizards.com/sideboard/event.asp?event=GPDAL00,gp,INV limited
h0x63109,Danziger,Tim,45384,8,20,Draw 1-1,gpdal00,1591.78,1591.08,2roy338y,"Fink, Jeff",1553.85,8.0,2000-10-28,False,Grand Prix Dallas 2000,http://web.archive.org/web/20130511050013/http://www.wizards.com/sideboard/event.asp?event=GPDAL00,gp,INV limited
h0x63109,Danziger,Tim,45408,9,12,Won 2-1,gpdal00,1591.08,1606.85,wb0tss6y,"Brenner, Tim",1467.85,8.0,2000-10-28,False,Grand Prix Dallas 2000,http://web.archive.org/web/20130511050013/http://www.wizards.com/sideboard/event.asp?event=GPDAL00,gp,INV limited
h0x63109,Danziger,Tim,45452,10,24,Won 2-1,gpdal00,1606.85,1624.41,72dhzuxr,"Long, Hogan",1582.75,8.0,2000-10-28,False,Grand Prix Dallas 2000,http://web.archive.org/web/20130511050013/http://www.wizards.com/sideboard/event.asp?event=GPDAL00,gp,INV limited
h0x63109,Danziger,Tim,45479,11,19,Won 2-0,gpdal00,1624.41,1642.05,qk86tzzs,"Opalka, Jason",1604.75,8.0,2000-10-28,False,Grand Prix Dallas 2000,http://web.archive.org/web/20130511050013/http://www.wizards.com/sideboard/event.asp?event=GPDAL00,gp,INV limited
h0x63109,Danziger,Tim,45500,12,8,Lost 0-2,gpdal00,1642.05,1625.72,3eudavoh,"Johns, Scott",1733.77,8.0,2000-10-28,False,Grand Prix Dallas 2000,http://web.archive.org/web/20130511050013/http://www.wizards.com/sideboard/event.asp?event=GPDAL00,gp,INV limited
h0x63109,Danziger,Tim,45534,13,13,Lost 1-2,gpdal00,1625.72,1613.06,jfvflnna,"Maher, Bob",1927.35,8.0,2000-10-28,False,Grand Prix Dallas 2000,http://web.archive.org/web/20130511050013/http://www.wizards.com/sideboard/event.asp?event=GPDAL00,gp,INV limited
h0x63109,Danziger,Tim,56591,4,8,Lost 0-2,gpneo01,1613.06,1593.66,xnafgv5f,"Reed, Joseph",1536.26,8.0,2001-01-06,False,Grand Prix New Orleans 2001,http://web.archive.org/web/20130511075807/http://www.wizards.com/sideboard/event.asp?event=GPNOR01,gp,INV limited
h0x63109,Danziger,Tim,56865,5,94,Won 2-0,gpneo01,1593.66,1609.91,9cm6c55f,"Clark, Aaron",1497.62,8.0,2001-01-06,False,Grand Prix New Orleans 2001,http://web.archive.org/web/20130511075807/http://www.wizards.com/sideboard/event.asp?event=GPNOR01,gp,INV limited
h0x63109,Danziger,Tim,56968,6,42,Lost 0-2,gpneo01,1609.91,1592.1,a6kcnp3i,"Bartholow, David",1620.3,8.0,2001-01-06,False,Grand Prix New Orleans 2001,http://web.archive.org/web/20130511075807/http://www.wizards.com/sideboard/event.asp?event=GPNOR01,gp,INV limited
h0x63109,Danziger,Tim,57143,7,85,Lost 0-2,gpneo01,1592.1,1572.47,z8hezmpa,"Hirsch, Steve",1502.73,8.0,2001-01-06,False,Grand Prix New Orleans 2001,http://web.archive.org/web/20130511075807/http://www.wizards.com/sideboard/event.asp?event=GPNOR01,gp,INV limited
h0x63109,Danziger,Tim,60942,1,41,Won 2-1,ptla01,1572.47,1594.61,rj8ztpzk,"McCarrel, Casey",1803.2,8.0,2001-02-02,True,Pro Tour Los Angeles 2001,http://web.archive.org/web/20130518204903/http://www.wizards.com/sideboard/event.asp?event=ptla01,pt,INV rochester
h0x63109,Danziger,Tim,61185,2,121,Lost 0-2,ptla01,1594.61,1579.52,veog9l2f,"Snepvangers, Bram",1755.58,8.0,2001-02-02,True,Pro Tour Los Angeles 2001,http://web.archive.org/web/20130518204903/http://www.wizards.com/sideboard/event.asp?event=ptla01,pt,INV rochester
h0x63109,Danziger,Tim,61273,3,46,Lost 0-2,ptla01,1579.52,1561.54,xzv9c23e,"Epley, Alan",1580.73,8.0,2001-02-02,True,Pro Tour Los Angeles 2001,http://web.archive.org/web/20130518204903/http://www.wizards.com/sideboard/event.asp?event=ptla01,pt,INV rochester
h0x63109,Danziger,Tim,61532,4,142,Won 2-0,ptla01,1561.54,1578.23,13tavnm5,"Whitney, Joseph",1489.42,8.0,2001-02-02,True,Pro Tour Los Angeles 2001,http://web.archive.org/web/20130518204903/http://www.wizards.com/sideboard/event.asp?event=ptla01,pt,INV rochester
h0x63109,Danziger,Tim,61621,5,71,Lost 1-2,ptla01,1578.23,1561.82,jyl5oynm,"Monsen, Haakon",1665.72,8.0,2001-02-02,True,Pro Tour Los Angeles 2001,http://web.archive.org/web/20130518204903/http://www.wizards.com/sideboard/event.asp?event=ptla01,pt,INV rochester
h0x63109,Danziger,Tim,61814,6,112,Lost 1-2,ptla01,1561.82,1541.83,fnkqe3gx,"Auer, Jeffrey",1452.09,8.0,2001-02-02,True,Pro Tour Los Angeles 2001,http://web.archive.org/web/20130518204903/http://www.wizards.com/sideboard/event.asp?event=ptla01,pt,INV rochester
h0x63109,Danziger,Tim,109555,1,35,Won 2-1,ptnor01,1541.83,1558.26,64v9mz4b,"Kikta, Mark",1455.92,8.0,2001-11-02,True,Pro Tour New Orleans 2001,http://web.archive.org/web/20130511061827/https://www.wizards.com/sideboard/event.asp?event=PTNOR01,pt,extended
h0x63109,Danziger,Tim,109707,2,10,Lost 0-2,ptnor01,1558.26,1540.02,nhglqi7f,"Ueta, Hiroki",1544.88,8.0,2001-11-02,True,Pro Tour New Orleans 2001,http://web.archive.org/web/20130511061827/https://www.wizards.com/sideboard/event.asp?event=PTNOR01,pt,extended
h0x63109,Danziger,Tim,109999,3,125,Won 2-0,ptnor01,1540.02,1557.29,tpb495cv,"Tzezana, Roey",1499.91,8.0,2001-11-02,True,Pro Tour New Orleans 2001,http://web.archive.org/web/20130511061827/https://www.wizards.com/sideboard/event.asp?event=PTNOR01,pt,extended
h0x63109,Danziger,Tim,110125,4,75,Won 2-0,ptnor01,1557.29,1574.43,8zmhygqf,"Jones, Ricky",1510.01,8.0,2001-11-02,True,Pro Tour New Orleans 2001,http://web.archive.org/web/20130511061827/https://www.wizards.com/sideboard/event.asp?event=PTNOR01,pt,extended
h0x63109,Danziger,Tim,110259,5,39,Lost 1-2,ptnor01,1574.43,1561.5,mc6i54cy,"Kastle, Darwin",1860.11,8.0,2001-11-02,True,Pro Tour New Orleans 2001,http://web.archive.org/web/20130511061827/https://www.wizards.com/sideboard/event.asp?event=PTNOR01,pt,extended
h0x63109,Danziger,Tim,110446,6,71,Lost 1-2,ptnor01,1561.5,1547.74,yb9kekpz,"Montreuil, Dave",1798.47,8.0,2001-11-02,True,Pro Tour New Orleans 2001,http://web.archive.org/web/20130511061827/https://www.wizards.com/sideboard/event.asp?event=PTNOR01,pt,extended
h0x63109,Danziger,Tim,119738,1,110,Won 2-1,ptsd02,1547.74,1569.18,92dbymfb,"Bethencourt, Daniel",1738.5,8.0,2002-01-10,True,Pro Tour San Diego 2002,http://web.archive.org/web/20130511051338/https://www.wizards.com/sideboard/event.asp?event=PTSD02,pt,ODY rochester
h0x63109,Danziger,Tim,119972,2,172,Lost 1-2,ptsd02,1569.18,1550.81,gxg0t3wz,"Keaten, Chase",1548.88,8.0,2002-01-10,True,Pro Tour San Diego 2002,http://web.archive.org/web/20130511051338/https://www.wizards.com/sideboard/event.asp?event=PTSD02,pt,ODY rochester
h0x63109,Danziger,Tim,119988,3,16,Won 2-0,ptsd02,1550.81,1575.02,tiitazq8,"van de Logt, Tom",1906.14,8.0,2002-01-10,True,Pro Tour San Diego 2002,http://web.archive.org/web/20130511051338/https://www.wizards.com/sideboard/event.asp?event=PTSD02,pt,ODY rochester
h0x63109,Danziger,Tim,120206,4,66,Won 2-0,ptsd02,1575.02,1592.41,v4epnohg,"Widuch, Piotr",1541.44,8.0,2002-01-10,True,Pro Tour San Diego 2002,http://web.archive.org/web/20130511051338/https://www.wizards.com/sideboard/event.asp?event=PTSD02,pt,ODY rochester
h0x63109,Danziger,Tim,120352,5,49,Won 2-1,ptsd02,1592.41,1611.49,px9czk5h,"Sasanuma, Kiyoshi",1651.38,8.0,2002-01-10,True,Pro Tour San Diego 2002,http://web.archive.org/web/20130511051338/https://www.wizards.com/sideboard/event.asp?event=PTSD02,pt,ODY rochester
h0x63109,Danziger,Tim,120470,6,1,Won 2-0,ptsd02,1611.49,1633.98,me4nlw5o,"Guevin, Thomas",1862.88,8.0,2002-01-10,True,Pro Tour San Diego 2002,http://web.archive.org/web/20130511051338/https://www.wizards.com/sideboard/event.asp?event=PTSD02,pt,ODY rochester
h0x63109,Danziger,Tim,120617,7,5,Draw 1-1,ptsd02,1633.98,1633.01,dckq45qr,"Littlefield, Glen",1580.85,8.0,2002-01-10,True,Pro Tour San Diego 2002,http://web.archive.org/web/20130511051338/https://www.wizards.com/sideboard/event.asp?event=PTSD02,pt,ODY rochester
h0x63109,Danziger,Tim,120768,8,32,Lost 0-2,ptsd02,1633.01,1619.51,1g4pmqvd,"Hiltunen, Arto",1884.82,8.0,2002-01-10,True,Pro Tour San Diego 2002,http://web.archive.org/web/20130511051338/https://www.wizards.com/sideboard/event.asp?event=PTSD02,pt,ODY rochester
h0x63109,Danziger,Tim,120841,9,49,Draw 1-1,ptsd02,1619.51,1619.53,978t0w6z,"Dato, Andrea",1620.93,8.0,2002-01-10,True,Pro Tour San Diego 2002,http://web.archive.org/web/20130511051338/https://www.wizards.com/sideboard/event.asp?event=PTSD02,pt,ODY rochester
h0x63109,Danziger,Tim,120890,10,42,Lost 0-2,ptsd02,1619.53,1600.68,dckq45qr,"Littlefield, Glen",1573.06,8.0,2002-01-10,True,Pro Tour San Diego 2002,http://web.archive.org/web/20130511051338/https://www.wizards.com/sideboard/event.asp?event=PTSD02,pt,ODY rochester
h0x63109,Danziger,Tim,120943,11,39,Won 2-0,ptsd02,1600.68,1622.39,6ha4ms6x,"Lau, Terry",1806.58,8.0,2002-01-10,True,Pro Tour San Diego 2002,http://web.archive.org/web/20130511051338/https://www.wizards.com/sideboard/event.asp?event=PTSD02,pt,ODY rochester
h0x63109,Danziger,Tim,120966,12,8,Won 2-0,ptsd02,1622.39,1642.19,4naom4db,"West, Justin T",1721.81,8.0,2002-01-10,True,Pro Tour San Diego 2002,http://web.archive.org/web/20130511051338/https://www.wizards.com/sideboard/event.asp?event=PTSD02,pt,ODY rochester
h0x63109,Danziger,Tim,121036,13,26,Lost 0-2,ptsd02,1642.19,1627.13,6ha4ms6x,"Lau, Terry",1804.65,8.0,2002-01-10,True,Pro Tour San Diego 2002,http://web.archive.org/web/20130511051338/https://www.wizards.com/sideboard/event.asp?event=PTSD02,pt,ODY rochester
h0x63109,Danziger,Tim,121091,14,31,Lost 1-2,ptsd02,1627.13,1608.0,4qgqlqlu,"Bagashev, Yuri",1565.25,8.0,2002-01-10,True,Pro Tour San Diego 2002,http://web.archive.org/web/20130511051338/https://www.wizards.com/sideboard/event.asp?event=PTSD02,pt,ODY rochester
h0x63109,Danziger,Tim,136841,1,77,Lost 0-2,ptnic02,1608.0,1590.27,e7rkajgs,"Ellis, Chad",1622.31,8.0,2002-05-03,True,Pro Tour Nice 2002,http://web.archive.org/web/20170412231041/http://magic.wizards.com/en/events/coverage/ptnic02,pt,TOR draft
h0x63109,Danziger,Tim,137065,2,138,Won 2-0,ptnic02,1590.27,1606.07,boemhnwu,"Nozhnin, Dmitry",1469.3,8.0,2002-05-03,True,Pro Tour Nice 2002,http://web.archive.org/web/20170412231041/http://magic.wizards.com/en/events/coverage/ptnic02,pt,TOR draft
h0x63109,Danziger,Tim,137144,3,54,Draw 1-1,ptnic02,1606.07,1612.32,23yeyopm,"Humpherys, David",1963.51,8.0,2002-05-03,True,Pro Tour Nice 2002,http://web.archive.org/web/20170412231041/http://magic.wizards.com/en/events/coverage/ptnic02,pt,TOR draft
h0x63109,Danziger,Tim,137347,4,94,Lost 0-2,ptnic02,1612.32,1591.69,50r6dj5d,"Howden, Jason",1467.15,8.0,2002-05-03,True,Pro Tour Nice 2002,http://web.archive.org/web/20170412231041/http://magic.wizards.com/en/events/coverage/ptnic02,pt,TOR draft
h0x63109,Danziger,Tim,137429,5,14,Lost 0-1,ptnic02,1591.69,1571.09,eel8fj1w,"Brosnan, Eoin",1448.34,8.0,2002-05-03,True,Pro Tour Nice 2002,http://web.archive.org/web/20170412231041/http://magic.wizards.com/en/events/coverage/ptnic02,pt,TOR draft
l8re36n5,Bello,Hashim,5791,1,84,Won 0-0,ptla9899,1500.0,1519.51,1127o5mr,"Henstra, Matt",1583.17,8.0,1999-02-26,True,Pro Tour Los Angeles 1999,https://web.archive.org/web/19990427221821/http://www.wizards.com:80/ProTour/LA_98_Cybercast.html,pt,UGS rochester
l8re36n5,Bello,Hashim,5885,2,13,Won 2-0,ptla9899,1519.51,1537.49,fwyb6949,"Vincent, Adam",1518.0,8.0,1999-02-26,True,Pro Tour Los Angeles 1999,https://web.archive.org/web/19990427221821/http://www.wizards.com:80/ProTour/LA_98_Cybercast.html,pt,UGS rochester
l8re36n5,Bello,Hashim,6057,3,20,Won 2-1,ptla9899,1537.49,1555.45,kvyiurb4,"Boling, Cannon",1535.67,8.0,1999-02-26,True,Pro Tour Los Angeles 1999,https://web.archive.org/web/19990427221821/http://www.wizards.com:80/ProTour/LA_98_Cybercast.html,pt,UGS rochester
l8re36n5,Bello,Hashim,6289,4,89,Won 2-0,ptla9899,1555.45,1572.45,bx419wc5,"Callahan, Michael",1500.65,8.0,1999-02-26,True,Pro Tour Los Angeles 1999,https://web.archive.org/web/19990427221821/http://www.wizards.com:80/ProTour/LA_98_Cybercast.html,pt,UGS rochester
l8re36n5,Bello,Hashim,6417,5,56,Won 2-1,ptla9899,1572.45,1593.16,pdeqeu28,"Glockner, Tim",1721.86,8.0,1999-02-26,True,Pro Tour Los Angeles 1999,https://web.archive.org/web/19990427221821/http://www.wizards.com:80/ProTour/LA_98_Cybercast.html,pt,UGS rochester
l8re36n5,Bello,Hashim,6565,6,40,Won 0-0,ptla9899,1593.16,1615.32,7d05pfwn,"Finkel, Jon",1825.45,8.0,1999-02-26,True,Pro Tour Los Angeles 1999,https://web.archive.org/web/19990427221821/http://www.wizards.com:80/ProTour/LA_98_Cybercast.html,pt,UGS rochester
l8re36n5,Bello,Hashim,6795,7,122,Lost 0-0,ptla9899,1615.32,1597.27,6ha4ms6x,"Lau, Terry",1612.48,8.0,1999-02-26,True,Pro Tour Los Angeles 1999,https://web.archive.org/web/19990427221821/http://www.wizards.com:80/ProTour/LA_98_Cybercast.html,pt,UGS rochester
l8re36n5,Bello,Hashim,6842,8,43,Lost 0-0,ptla9899,1597.27,1579.5,veog9l2f,"Snepvangers, Bram",1609.98,8.0,1999-02-26,True,Pro Tour Los Angeles 1999,https://web.archive.org/web/19990427221821/http://www.wizards.com:80/ProTour/LA_98_Cybercast.html,pt,UGS rochester
l8re36n5,Bello,Hashim,6887,9,40,Lost 0-2,ptla9899,1579.5,1561.16,3jyu2m2g,"Bui, Lucien",1560.91,8.0,1999-02-26,True,Pro Tour Los Angeles 1999,https://web.archive.org/web/19990427221821/http://www.wizards.com:80/ProTour/LA_98_Cybercast.html,pt,UGS rochester
l8re36n5,Bello,Hashim,6918,10,25,Lost 0-2,ptla9899,1561.16,1544.25,iypepmkm,"O'Mahoney-Schwartz, Daniel",1621.01,8.0,1999-02-26,True,Pro Tour Los Angeles 1999,https://web.archive.org/web/19990427221821/http://www.wizards.com:80/ProTour/LA_98_Cybercast.html,pt,UGS rochester
l8re36n5,Bello,Hashim,6949,11,10,Lost 1-2,ptla9899,1544.25,1527.57,5rbdkwy1,"DeRoche, Chris",1616.81,8.0,1999-02-26,True,Pro Tour Los Angeles 1999,https://web.archive.org/web/19990427221821/http://www.wizards.com:80/ProTour/LA_98_Cybercast.html,pt,UGS rochester
l8re36n5,Bello,Hashim,7018,12,33,Lost 1-2,ptla9899,1527.57,1509.79,izijqofa,"Courtois, Frederic",1539.34,8.0,1999-02-26,True,Pro Tour Los Angeles 1999,https://web.archive.org/web/19990427221821/http://www.wizards.com:80/ProTour/LA_98_Cybercast.html,pt,UGS rochester
l8re36n5,Bello,Hashim,7036,13,6,Won 2-1,ptla9899,1509.79,1527.71,uw480u5f,"Wright, Randy",1505.61,8.0,1999-02-26,True,Pro Tour Los Angeles 1999,https://web.archive.org/web/19990427221821/http://www.wizards.com:80/ProTour/LA_98_Cybercast.html,pt,UGS rochester
l8re36n5,Bello,Hashim,7112,14,37,Lost 1-2,ptla9899,1527.71,1509.78,v8i9znol,"Tsukamoto, Toshiki",1531.57,8.0,1999-02-26,True,Pro Tour Los Angeles 1999,https://web.archive.org/web/19990427221821/http://www.wizards.com:80/ProTour/LA_98_Cybercast.html,pt,UGS rochester
l8re36n5,Bello,Hashim,9226,4,12,Lost 1-2,gposlo99,1509.78,1491.27,jt0p50y1,"Refsdal, Thomas",1481.82,8.0,1999-04-10,False,Grand Prix Oslo 1999,https://web.archive.org/web/20010821033600/http://www.wizards.com/international/sideboard/gp99oslo.coverage.asp,gp,ULG limited
l8re36n5,Bello,Hashim,9431,5,56,Lost 1-2,gposlo99,1491.27,1473.44,njh6w2ii,"Solsvik, Kjartan",1500.66,8.0,1999-04-10,False,Grand Prix Oslo 1999,https://web.archive.org/web/20010821033600/http://www.wizards.com/international/sideboard/gp99oslo.coverage.asp,gp,ULG limited
l8re36n5,Bello,Hashim,9584,6,55,Won 2-0,gposlo99,1473.44,1491.94,yjdp5upj,"Dijt, Sven",1500.6,8.0,1999-04-10,False,Grand Prix Oslo 1999,https://web.archive.org/web/20010821033600/http://www.wizards.com/international/sideboard/gp99oslo.coverage.asp,gp,ULG limited
l8re36n5,Bello,Hashim,9730,7,60,Won 2-1,gposlo99,1491.94,1510.86,kysfuxb7,"Kjellesvig, Lars-Erik",1542.32,8.0,1999-04-10,False,Grand Prix Oslo 1999,https://web.archive.org/web/20010821033600/http://www.wizards.com/international/sideboard/gp99oslo.coverage.asp,gp,ULG limited
l8re36n5,Bello,Hashim,9828,8,32,Draw 0-0,gposlo99,1510.86,1511.7,anljbgvt,"Prigge, Frederic",1556.98,8.0,1999-04-10,False,Grand Prix Oslo 1999,https://web.archive.org/web/20010821033600/http://www.wizards.com/international/sideboard/gp99oslo.coverage.asp,gp,ULG limited
l8re36n5,Bello,Hashim,9852,9,24,Lost 0-0,gposlo99,1511.7,1493.28,jt0p50y1,"Refsdal, Thomas",1488.79,8.0,1999-04-10,False,Grand Prix Oslo 1999,https://web.archive.org/web/20010821033600/http://www.wizards.com/international/sideboard/gp99oslo.coverage.asp,gp,ULG limited
l8re36n5,Bello,Hashim,9889,10,29,Won 0-0,gposlo99,1493.28,1511.74,rkylwvhs,"Aronsson, Niklas",1518.52,8.0,1999-04-10,False,Grand Prix Oslo 1999,https://web.archive.org/web/20010821033600/http://www.wizards.com/international/sideboard/gp99oslo.coverage.asp,gp,ULG limited
l8re36n5,Bello,Hashim,9916,11,24,Won 0-0,gposlo99,1511.74,1529.14,w6r1hrn3,"Andersson, Thomas",1478.78,8.0,1999-04-10,False,Grand Prix Oslo 1999,https://web.archive.org/web/20010821033600/http://www.wizards.com/international/sideboard/gp99oslo.coverage.asp,gp,ULG limited
l8re36n5,Bello,Hashim,9938,12,15,Won 0-0,gposlo99,1529.14,1550.55,gpnoyxve,"Eskeland, Sigurd",1718.41,8.0,1999-04-10,False,Grand Prix Oslo 1999,https://web.archive.org/web/20010821033600/http://www.wizards.com/international/sideboard/gp99oslo.coverage.asp,gp,ULG limited
l8re36n5,Bello,Hashim,28900,1,24,Lost 0-0,gpphi00,1550.55,1533.63,6k117dqv,"Crosby, Joseph",1609.74,9.0,2000-02-19,False,Grand Prix Philadelphia 2000,http://web.archive.org/web/20130511060558/http://www.wizards.com/sideboard/article.asp?x=GPPHIL00/welcome,gp,extended
l8re36n5,Bello,Hashim,29238,2,160,Lost 0-0,gpphi00,1533.63,1517.94,nyarif3d,"McNeill, Dan",1660.96,9.0,2000-02-19,False,Grand Prix Philadelphia 2000,http://web.archive.org/web/20130511060558/http://www.wizards.com/sideboard/article.asp?x=GPPHIL00/welcome,gp,extended
l8re36n5,Bello,Hashim,29544,3,222,Won 0-0,gpphi00,1517.94,1534.7,9b7218xk,"Parsons, Michael",1449.91,9.0,2000-02-19,False,Grand Prix Philadelphia 2000,http://web.archive.org/web/20130511060558/http://www.wizards.com/sideboard/article.asp?x=GPPHIL00/welcome,gp,extended
l8re36n5,Bello,Hashim,29757,4,190,Won 0-0,gpphi00,1534.7,1551.74,4dmab7ps,"Mink, Ashley",1482.01,9.0,2000-02-19,False,Grand Prix Philadelphia 2000,http://web.archive.org/web/20130511060558/http://www.wizards.com/sideboard/article.asp?x=GPPHIL00/welcome,gp,extended
l8re36n5,Bello,Hashim,29936,5,132,Won 0-0,gpphi00,1551.74,1568.81,prmtxzie,"D'Angelo, Daniel",1500.82,9.0,2000-02-19,False,Grand Prix Philadelphia 2000,http://web.archive.org/web/20130511060558/http://www.wizards.com/sideboard/article.asp?x=GPPHIL00/welcome,gp,extended
l8re36n5,Bello,Hashim,30092,6,89,Won 0-0,gpphi00,1568.81,1585.64,ciym001s,"Herzberg, Scott",1504.5,9.0,2000-02-19,False,Grand Prix Philadelphia 2000,http://web.archive.org/web/20130511060558/http://www.wizards.com/sideboard/article.asp?x=GPPHIL00/welcome,gp,extended
l8re36n5,Bello,Hashim,30215,7,54,Won 0-0,gpphi00,1585.64,1602.73,arvb5n4d,"Schneider, Jeremy",1535.69,9.0,2000-02-19,False,Grand Prix Philadelphia 2000,http://web.archive.org/web/20130511060558/http://www.wizards.com/sideboard/article.asp?x=GPPHIL00/welcome,gp,extended
l8re36n5,Bello,Hashim,30317,8,34,Lost 0-0,gpphi00,1602.73,1583.13,dabm23qk,"Kelleher, Tom",1514.6,9.0,2000-02-19,False,Grand Prix Philadelphia 2000,http://web.archive.org/web/20130511060558/http://www.wizards.com/sideboard/article.asp?x=GPPHIL00/welcome,gp,extended
l8re36n5,Bello,Hashim,64992,2,1,Won 2-0,gpbos01,1583.13,1600.92,a7qb6kes,"Sullivan, Adrian",1571.79,9.0,2001-02-24,False,Grand Prix Boston 2001,web.archive.org/web/20131223090543/http://www.wizards.com/sideboard/event.asp?event=GPBOS01,gp,PLS limited
l8re36n5,Bello,Hashim,65258,3,33,Won 2-0,gpbos01,1600.92,1618.22,irxycfbz,"Bradley, James",1562.68,9.0,2001-02-24,False,Grand Prix Boston 2001,web.archive.org/web/20131223090543/http://www.wizards.com/sideboard/event.asp?event=GPBOS01,gp,PLS limited
l8re36n5,Bello,Hashim,65458,4,2,Won 2-0,gpbos01,1618.22,1635.85,5vyuqcz5,"Welty, Terry",1597.9,9.0,2001-02-24,False,Grand Prix Boston 2001,web.archive.org/web/20131223090543/http://www.wizards.com/sideboard/event.asp?event=GPBOS01,gp,PLS limited
l8re36n5,Bello,Hashim,65718,5,29,Lost 1-2,gpbos01,1635.85,1615.81,g3ygv6k7,"Hahn, Kurtis",1523.21,9.0,2001-02-24,False,Grand Prix Boston 2001,web.archive.org/web/20131223090543/http://www.wizards.com/sideboard/event.asp?event=GPBOS01,gp,PLS limited
l8re36n5,Bello,Hashim,65928,6,42,Won 2-0,gpbos01,1615.81,1632.34,lofkmq80,"Garamvolgyi, Alex",1535.41,9.0,2001-02-24,False,Grand Prix Boston 2001,web.archive.org/web/20131223090543/http://www.wizards.com/sideboard/event.asp?event=GPBOS01,gp,PLS limited
l8re36n5,Bello,Hashim,66081,7,41,Won 2-0,gpbos01,1632.34,1652.29,pqxmqdj0,"Swan, Brad",1739.79,9.0,2001-02-24,False,Grand Prix Boston 2001,web.archive.org/web/20131223090543/http://www.wizards.com/sideboard/event.asp?event=GPBOS01,gp,PLS limited
l8re36n5,Bello,Hashim,66184,8,16,ID,gpbos01,1652.29,1652.29,qk86tzzs,"Opalka, Jason",1590.52,9.0,2001-02-24,False,Grand Prix Boston 2001,web.archive.org/web/20131223090543/http://www.wizards.com/sideboard/event.asp?event=GPBOS01,gp,PLS limited
l8re36n5,Bello,Hashim,66392,12,26,Lost 0-2,gpbos01,1652.29,1630.94,s0zhca28,"Breider, Aaron",1466.23,9.0,2001-02-24,False,Grand Prix Boston 2001,web.archive.org/web/20131223090543/http://www.wizards.com/sideboard/event.asp?event=GPBOS01,gp,PLS limited
l8re36n5,Bello,Hashim,830884,A1,446,Won 2-0,gpmon11,1630.94,1646.56,7lou72nm,"Younes, Amin",1500.0,10.0,2011-09-17,False,Grand Prix Montreal 2011,http://web.archive.org/web/20170412133051/http://magic.wizards.com/en/events/coverage/gpmon11,gp,M12 limited
l8re36n5,Bello,Hashim,831243,A2,431,Won 2-1,gpmon11,1646.56,1661.89,t8m5yffx,"Leger, Thomas",1498.66,10.0,2011-09-17,False,Grand Prix Montreal 2011,http://web.archive.org/web/20170412133051/http://magic.wizards.com/en/events/coverage/gpmon11,gp,M12 limited
l8re36n5,Bello,Hashim,831645,A3,393,Won 2-0,gpmon11,1661.89,1679.99,olwco4ny,"Robinson, Adam",1667.47,10.0,2011-09-17,False,Grand Prix Montreal 2011,http://web.archive.org/web/20170412133051/http://magic.wizards.com/en/events/coverage/gpmon11,gp,M12 limited
l8re36n5,Bello,Hashim,832098,A4,385,Lost 1-2,gpmon11,1679.99,1658.44,yz5mzjr3,"Miller, Aaron",1483.01,10.0,2011-09-17,False,Grand Prix Montreal 2011,http://web.archive.org/web/20170412133051/http://magic.wizards.com/en/events/coverage/gpmon11,gp,M12 limited
l8re36n5,Bello,Hashim,832656,A5,455,Lost 0-2,gpmon11,1658.44,1638.19,wu9ecnli,"Laflamme, Patrick",1534.63,10.0,2011-09-17,False,Grand Prix Montreal 2011,http://web.archive.org/web/20170412133051/http://magic.wizards.com/en/events/coverage/gpmon11,gp,M12 limited
l8re36n5,Bello,Hashim,833118,A6,475,Won 2-0,gpmon11,1638.19,1656.01,p3o5qz1n,"Phillips, Eric",1628.12,10.0,2011-09-17,False,Grand Prix Montreal 2011,http://web.archive.org/web/20170412133051/http://magic.wizards.com/en/events/coverage/gpmon11,gp,M12 limited
l8re36n5,Bello,Hashim,833463,A7,440,Won 2-1,gpmon11,1656.01,1671.82,u1xwe070,"Guay, Charles-William",1535.41,10.0,2011-09-17,False,Grand Prix Montreal 2011,http://web.archive.org/web/20170412133051/http://magic.wizards.com/en/events/coverage/gpmon11,gp,M12 limited
l8re36n5,Bello,Hashim,833731,A8,390,Won 2-1,gpmon11,1671.82,1691.28,gqjw8r0s,"McCaslin, Aaron",1752.1,10.0,2011-09-17,False,Grand Prix Montreal 2011,http://web.archive.org/web/20170412133051/http://magic.wizards.com/en/events/coverage/gpmon11,gp,M12 limited
l8re36n5,Bello,Hashim,833988,A9,388,Won 2-0,gpmon11,1691.28,1709.7,pnte2o1p,"Gaudreault, Eric",1714.39,10.0,2011-09-17,False,Grand Prix Montreal 2011,http://web.archive.org/web/20170412133051/http://magic.wizards.com/en/events/coverage/gpmon11,gp,M12 limited
l8re36n5,Bello,Hashim,834194,10,30,Won 2-1,gpmon11,1709.7,1725.66,lnm0qhc6,"Daye, Michael",1597.25,10.0,2011-09-17,False,Grand Prix Montreal 2011,http://web.archive.org/web/20170412133051/http://magic.wizards.com/en/events/coverage/gpmon11,gp,M12 limited
l8re36n5,Bello,Hashim,834230,11,2,Won 2-1,gpmon11,1725.66,1741.24,6z8uuzfk,"Fung, Kenny",1592.01,10.0,2011-09-17,False,Grand Prix Montreal 2011,http://web.archive.org/web/20170412133051/http://magic.wizards.com/en/events/coverage/gpmon11,gp,M12 limited
l8re36n5,Bello,Hashim,834317,12,25,Lost 0-2,gpmon11,1741.24,1727.73,jn16txj9,"Bertoncini, Alex",1992.58,10.0,2011-09-17,False,Grand Prix Montreal 2011,http://web.archive.org/web/20170412133051/http://magic.wizards.com/en/events/coverage/gpmon11,gp,M12 limited
l8re36n5,Bello,Hashim,834397,13,41,Draw 1-1,gpmon11,1727.73,1729.29,fe1r0fvb,"Samms, Phil",1813.93,10.0,2011-09-17,False,Grand Prix Montreal 2011,http://web.archive.org/web/20170412133051/http://magic.wizards.com/en/events/coverage/gpmon11,gp,M12 limited
l8re36n5,Bello,Hashim,834465,14,46,Won 2-0,gpmon11,1729.29,1745.21,4n1c3ayv,"Artzy, Noa",1614.74,10.0,2011-09-17,False,Grand Prix Montreal 2011,http://web.archive.org/web/20170412133051/http://magic.wizards.com/en/events/coverage/gpmon11,gp,M12 limited
l8re36n5,Bello,Hashim,834496,15,18,Lost 0-2,gpmon11,1745.21,1728.06,mgdaqfoi,"Spinner, Seth",1791.43,10.0,2011-09-17,False,Grand Prix Montreal 2011,http://web.archive.org/web/20170412133051/http://magic.wizards.com/en/events/coverage/gpmon11,gp,M12 limited
l8re36n5,Bello,Hashim,1082458,A2,112,Won 2-0,gpphi12,1728.06,1742.28,2apf6qmj,"Estilow, Bradley",1518.0,10.0,2012-10-27,False,Grand Prix Philadelphia 2012,http://web.archive.org/web/20170412104726/http://magic.wizards.com/en/events/coverage/gpphi12,gp,RTR limited
l8re36n5,Bello,Hashim,1083264,A3,108,Won 2-1,gpphi12,1742.28,1756.53,k7mqzevi,"Roddy, Jim",1533.46,10.0,2012-10-27,False,Grand Prix Philadelphia 2012,http://web.archive.org/web/20170412104726/http://magic.wizards.com/en/events/coverage/gpphi12,gp,RTR limited
l8re36n5,Bello,Hashim,1084024,A4,1,Lost 0-2,gpphi12,1756.53,1735.68,s599d85m,"Luke, Bing",1598.95,10.0,2012-10-27,False,Grand Prix Philadelphia 2012,http://web.archive.org/web/20170412104726/http://magic.wizards.com/en/events/coverage/gpphi12,gp,RTR limited
l8re36n5,Bello,Hashim,1085091,A5,185,Won 2-0,gpphi12,1735.68,1749.68,0zgow07d,"Damore, Mike",1513.29,10.0,2012-10-27,False,Grand Prix Philadelphia 2012,http://web.archive.org/web/20170412104726/http://magic.wizards.com/en/events/coverage/gpphi12,gp,RTR limited
l8re36n5,Bello,Hashim,1085809,A6,129,Lost 1-2,gpphi12,1749.68,1729.46,fsz5qs01,"Kovac, Chase",1626.87,10.0,2012-10-27,False,Grand Prix Philadelphia 2012,http://web.archive.org/web/20170412104726/http://magic.wizards.com/en/events/coverage/gpphi12,gp,RTR limited
l8re36n5,Bello,Hashim,1086488,A7,161,Won 2-0,gpphi12,1729.46,1745.21,puagnfpg,"Moloughney, David",1605.68,10.0,2012-10-27,False,Grand Prix Philadelphia 2012,http://web.archive.org/web/20170412104726/http://magic.wizards.com/en/events/coverage/gpphi12,gp,RTR limited
l8re36n5,Bello,Hashim,1086951,A8,117,Won 2-0,gpphi12,1745.21,1768.64,v5c7so83,"Jordan, Daniel",2052.39,10.0,2012-10-27,False,Grand Prix Philadelphia 2012,http://web.archive.org/web/20170412104726/http://magic.wizards.com/en/events/coverage/gpphi12,gp,RTR limited
l8re36n5,Bello,Hashim,1087265,A9,37,Won 2-1,gpphi12,1768.64,1781.71,wk0spq6g,"Wagner, Andrew C",1491.56,10.0,2012-10-27,False,Grand Prix Philadelphia 2012,http://web.archive.org/web/20170412104726/http://magic.wizards.com/en/events/coverage/gpphi12,gp,RTR limited
l8re36n5,Bello,Hashim,1087620,10,83,Won 2-1,gpphi12,1781.71,1796.44,jdoxqxqm,"Konopka, Frank",1600.19,10.0,2012-10-27,False,Grand Prix Philadelphia 2012,http://web.archive.org/web/20170412104726/http://magic.wizards.com/en/events/coverage/gpphi12,gp,RTR limited
l8re36n5,Bello,Hashim,1087696,11,39,Lost 0-2,gpphi12,1796.44,1781.5,e9kpcztr,"Fuentes, Calosso",1965.83,10.0,2012-10-27,False,Grand Prix Philadelphia 2012,http://web.archive.org/web/20170412104726/http://magic.wizards.com/en/events/coverage/gpphi12,gp,RTR limited
l8re36n5,Bello,Hashim,1087795,12,23,Won 2-1,gpphi12,1781.5,1796.18,zepkleov,"Irwin, Chase",1597.71,10.0,2012-10-27,False,Grand Prix Philadelphia 2012,http://web.archive.org/web/20170412104726/http://magic.wizards.com/en/events/coverage/gpphi12,gp,RTR limited
l8re36n5,Bello,Hashim,1087886,13,1,Won 2-0,gpphi12,1796.18,1811.43,c7mfqvje,"Shunamon, Jonathan",1644.06,10.0,2012-10-27,False,Grand Prix Philadelphia 2012,http://web.archive.org/web/20170412104726/http://magic.wizards.com/en/events/coverage/gpphi12,gp,RTR limited
l8re36n5,Bello,Hashim,1087999,14,3,Won 2-0,gpphi12,1811.43,1829.22,6rrvvego,"Hall, Zack",1799.98,10.0,2012-10-27,False,Grand Prix Philadelphia 2012,http://web.archive.org/web/20170412104726/http://magic.wizards.com/en/events/coverage/gpphi12,gp,RTR limited
l8re36n5,Bello,Hashim,1088156,15,54,Lost 1-2,gpphi12,1829.22,1812.89,h2ferjla,"Farnung, Ian",1920.73,10.0,2012-10-27,False,Grand Prix Philadelphia 2012,http://web.archive.org/web/20170412104726/http://magic.wizards.com/en/events/coverage/gpphi12,gp,RTR limited
l8re36n5,Bello,Hashim,1088197,16,7,Won 2-0,gpphi12,1812.89,1827.61,24dy8k8e,"Spencer, James",1631.6,10.0,2012-10-27,False,Grand Prix Philadelphia 2012,http://web.archive.org/web/20170412104726/http://magic.wizards.com/en/events/coverage/gpphi12,gp,RTR limited
l8re36n5,Bello,Hashim,1216762,1,451,Won 2-1,gppit13,1827.61,1840.43,c0p9azhu,"Harlan, Bri",1535.43,10.0,2013-03-23,False,Grand Prix Pittsburgh 2013,http://web.archive.org/web/20170412095208/http://magic.wizards.com/en/events/coverage/gppit13,gp,GTC limited
l8re36n5,Bello,Hashim,1217001,2,135,Won 2-1,gppit13,1840.43,1853.42,katsab3f,"Baboussis, George",1558.39,10.0,2013-03-23,False,Grand Prix Pittsburgh 2013,http://web.archive.org/web/20170412095208/http://magic.wizards.com/en/events/coverage/gppit13,gp,GTC limited
l8re36n5,Bello,Hashim,1217642,3,126,Won 2-0,gppit13,1853.42,1864.73,rb38s2ey,"Bonnici, Phil",1467.82,10.0,2013-03-23,False,Grand Prix Pittsburgh 2013,http://web.archive.org/web/20170412095208/http://magic.wizards.com/en/events/coverage/gppit13,gp,GTC limited
l8re36n5,Bello,Hashim,1218313,4,104,Won 2-0,gppit13,1864.73,1878.85,ykigzf3v,"Cuccurullo, Luke",1648.99,10.0,2013-03-23,False,Grand Prix Pittsburgh 2013,http://web.archive.org/web/20170412095208/http://magic.wizards.com/en/events/coverage/gppit13,gp,GTC limited
l8re36n5,Bello,Hashim,1218998,5,88,Won 2-0,gppit13,1878.85,1893.36,scxz2sen,"Kofsky, Robert",1684.97,10.0,2013-03-23,False,Grand Prix Pittsburgh 2013,http://web.archive.org/web/20170412095208/http://magic.wizards.com/en/events/coverage/gppit13,gp,GTC limited
l8re36n5,Bello,Hashim,1219536,6,23,Won 2-0,gppit13,1893.36,1909.51,r721u5by,"Demestrio, Joe",1791.47,10.0,2013-03-23,False,Grand Prix Pittsburgh 2013,http://web.archive.org/web/20170412095208/http://magic.wizards.com/en/events/coverage/gppit13,gp,GTC limited
l8re36n5,Bello,Hashim,1220033,7,24,Lost 0-2,gppit13,1909.51,1885.97,0vvlcsbw,"Izsak, Gabby",1596.14,10.0,2013-03-23,False,Grand Prix Pittsburgh 2013,http://web.archive.org/web/20170412095208/http://magic.wizards.com/en/events/coverage/gppit13,gp,GTC limited
l8re36n5,Bello,Hashim,1220443,8,37,Won 2-0,gppit13,1885.97,1905.19,oe4o0i3r,"Nelson, Brad",1952.7,10.0,2013-03-23,False,Grand Prix Pittsburgh 2013,http://web.archive.org/web/20170412095208/http://magic.wizards.com/en/events/coverage/gppit13,gp,GTC limited
l8re36n5,Bello,Hashim,1220744,9,15,Lost 1-2,gppit13,1905.19,1884.44,l2qrdrlp,"Li, Chen",1753.53,10.0,2013-03-23,False,Grand Prix Pittsburgh 2013,http://web.archive.org/web/20170412095208/http://magic.wizards.com/en/events/coverage/gppit13,gp,GTC limited
l8re36n5,Bello,Hashim,1221053,10,361,Lost 0-2,gppit13,1884.44,1864.14,82smeikx,"Hutchison, Daniel",1757.71,10.0,2013-03-23,False,Grand Prix Pittsburgh 2013,http://web.archive.org/web/20170412095208/http://magic.wizards.com/en/events/coverage/gppit13,gp,GTC limited
l8re36n5,Bello,Hashim,1221183,11,88,Won 2-1,gppit13,1864.14,1877.59,gyqsfx18,"Rogers, George",1608.81,10.0,2013-03-23,False,Grand Prix Pittsburgh 2013,http://web.archive.org/web/20170412095208/http://magic.wizards.com/en/events/coverage/gppit13,gp,GTC limited
l8re36n5,Bello,Hashim,1221250,12,55,Lost 0-2,gppit13,1877.59,1855.52,n2q46pxv,"McFadden, Robert",1650.71,10.0,2013-03-23,False,Grand Prix Pittsburgh 2013,http://web.archive.org/web/20170412095208/http://magic.wizards.com/en/events/coverage/gppit13,gp,GTC limited
l8re36n5,Bello,Hashim,1221376,13,81,Won 2-1,gppit13,1855.52,1869.88,j3zec2dr,"Crocker, Ken",1653.19,10.0,2013-03-23,False,Grand Prix Pittsburgh 2013,http://web.archive.org/web/20170412095208/http://magic.wizards.com/en/events/coverage/gppit13,gp,GTC limited
l8re36n5,Bello,Hashim,1221393,14,2,Won 2-1,gppit13,1869.88,1883.29,3e0gq3vv,"Maholic, Ross",1612.6,10.0,2013-03-23,False,Grand Prix Pittsburgh 2013,http://web.archive.org/web/20170412095208/http://magic.wizards.com/en/events/coverage/gppit13,gp,GTC limited
l8re36n5,Bello,Hashim,1221544,15,61,Draw 1-1,gppit13,1883.29,1878.01,4jpa3gqm,"Thoune, RJ",1585.38,10.0,2013-03-23,False,Grand Prix Pittsburgh 2013,http://web.archive.org/web/20170412095208/http://magic.wizards.com/en/events/coverage/gppit13,gp,GTC limited
l8re36n5,Bello,Hashim,1221634,16,68,Won 2-0,gppit13,1878.01,1892.13,exnvp01j,"Fisher, Reid",1661.91,10.0,2013-03-23,False,Grand Prix Pittsburgh 2013,http://web.archive.org/web/20170412095208/http://magic.wizards.com/en/events/coverage/gppit13,gp,GTC limited
