player_id,match_id,round,table,result,tournament_code,own_elo_start,own_elo_end,opp_id,opp_opp,opp_start,cut_before,date,is_pro,name,site,type,format
0,5717,1,10,Won 0-0,ptla9899,1500.0,1518.0,7m7zjg0x,"Arita, Ryuichi",1500.0,8.0,1999-02-26,True,Pro Tour Los Angeles 1999,https://web.archive.org/web/19990427221821/http://www.wizards.com:80/ProTour/LA_98_Cybercast.html,pt,UGS rochester
0,5924,2,52,Lost 0-1,ptla9899,1518.0,1500.03,jme7wafc,"Maki, Koichiro",1519.44,8.0,1999-02-26,True,Pro Tour Los Angeles 1999,https://web.archive.org/web/19990427221821/http://www.wizards.com:80/ProTour/LA_98_Cybercast.html,pt,UGS rochester
0,6154,3,118,Won 1-0,ptla9899,1500.03,1518.02,eeod607j,"Bregoli, Mike",1499.83,8.0,1999-02-26,True,Pro Tour Los Angeles 1999,https://web.archive.org/web/19990427221821/http://www.wizards.com:80/ProTour/LA_98_Cybercast.html,pt,UGS rochester
0,6264,4,64,Won 2-1,ptla9899,1518.02,1536.68,6pyfja3m,"Ishii, Yoshikazu",1554.27,8.0,1999-02-26,True,Pro Tour Los Angeles 1999,https://web.archive.org/web/19990427221821/http://www.wizards.com:80/ProTour/LA_98_Cybercast.html,pt,UGS rochester
0,6516,5,155,Lost 0-2,ptla9899,1536.68,1518.74,3qtaigpo,"Vicente Diaz, Daniel",1539.65,8.0,1999-02-26,True,Pro Tour Los Angeles 1999,https://web.archive.org/web/19990427221821/http://www.wizards.com:80/ProTour/LA_98_Cybercast.html,pt,UGS rochester
0,21417,3,9,Won 2-1,gpsd99,1518.74,1537.05,kdsgynv6,"Freeman, Scott 2",1535.67,8.0,1999-11-20,False,Grand Prix San Diego 1999,https://web.archive.org/web/20001209123000/http://www.thedojo.com:80/gpsd99_index.shtml,gp,MMQ limited
0,21567,4,25,Won 0-0,gpsd99,1537.05,1555.34,z6p25n5d,"Kim, Steve",1553.17,8.0,1999-11-20,False,Grand Prix San Diego 1999,https://web.archive.org/web/20001209123000/http://www.thedojo.com:80/gpsd99_index.shtml,gp,MMQ limited
0,21678,5,10,Lost 0-0,gpsd99,1555.34,1538.07,org60o53,"Osborne, James",1595.22,8.0,1999-11-20,False,Grand Prix San Diego 1999,https://web.archive.org/web/20001209123000/http://www.thedojo.com:80/gpsd99_index.shtml,gp,MMQ limited
0,21793,6,17,Won 2-0,gpsd99,1538.07,1556.34,x4382uj8,"Chung, Vincent",1552.99,8.0,1999-11-20,False,Grand Prix San Diego 1999,https://web.archive.org/web/20001209123000/http://www.thedojo.com:80/gpsd99_index.shtml,gp,MMQ limited
0,21876,7,10,Won 0-0,gpsd99,1556.34,1579.17,mc6i54cy,"Kastle, Darwin",1827.57,8.0,1999-11-20,False,Grand Prix San Diego 1999,https://web.archive.org/web/20001209123000/http://www.thedojo.com:80/gpsd99_index.shtml,gp,MMQ limited
0,21942,8,4,Won 2-0,gpsd99,1579.17,1597.36,bp0xt6wl,"Mark, Danny",1589.93,8.0,1999-11-20,False,Grand Prix San Diego 1999,https://web.archive.org/web/20001209123000/http://www.thedojo.com:80/gpsd99_index.shtml,gp,MMQ limited
0,21992,9,22,Lost 0-0,gpsd99,1597.36,1579.55,wbqj41wl,"D'Tela, Sceadeau",1607.54,8.0,1999-11-20,False,Grand Prix San Diego 1999,https://web.archive.org/web/20001209123000/http://www.thedojo.com:80/gpsd99_index.shtml,gp,MMQ limited
0,22010,10,8,Won 2-1,gpsd99,1579.55,1597.68,p6ypwjry,"Lavery, Joshua",1586.54,8.0,1999-11-20,False,Grand Prix San Diego 1999,https://web.archive.org/web/20001209123000/http://www.thedojo.com:80/gpsd99_index.shtml,gp,MMQ limited
0,22060,11,27,Won 0-0,gpsd99,1597.68,1615.54,u9lyzlud,"Shwe, Huei-Saint",1590.02,8.0,1999-11-20,False,Grand Prix San Diego 1999,https://web.archive.org/web/20001209123000/http://www.thedojo.com:80/gpsd99_index.shtml,gp,MMQ limited
0,22070,12,5,Won 2-0,gpsd99,1615.54,1637.39,kz9ouawy,"Hacker, Brian",1830.23,8.0,1999-11-20,False,Grand Prix San Diego 1999,https://web.archive.org/web/20001209123000/http://www.thedojo.com:80/gpsd99_index.shtml,gp,MMQ limited
0,22114,13,21,ID,gpsd99,1637.39,1637.39,mc6i54cy,"Kastle, Darwin",1808.92,8.0,1999-11-20,False,Grand Prix San Diego 1999,https://web.archive.org/web/20001209123000/http://www.thedojo.com:80/gpsd99_index.shtml,gp,MMQ limited
0,22123,Q,3,Lost 0-0,gpsd99,1637.39,1622.54,sjb0yc2a,"Krakower, Gary",1811.71,8.0,1999-11-20,False,Grand Prix San Diego 1999,https://web.archive.org/web/20001209123000/http://www.thedojo.com:80/gpsd99_index.shtml,gp,MMQ limited
0,25402,2,15,Lost 0-0,gpsea00,1622.54,1602.06,rgdxthcm,"Strong, Adam",1485.46,8.0,2000-01-15,False,Grand Prix Seattle 2000,https://web.archive.org/web/20010107031900/http://www.thedojo.com:80/grandprix/seattle00.shtml,gp,extended
0,25606,3,96,Won 0-0,gpsea00,1602.06,1618.2,9n8olgut,"Corbin, Joshua",1500.0,8.0,2000-01-15,False,Grand Prix Seattle 2000,https://web.archive.org/web/20010107031900/http://www.thedojo.com:80/grandprix/seattle00.shtml,gp,extended
0,25712,4,76,Lost 0-0,gpsea00,1618.2,1598.38,hfvscrhj,"Lawrence, Don",1517.86,8.0,2000-01-15,False,Grand Prix Seattle 2000,https://web.archive.org/web/20010107031900/http://www.thedojo.com:80/grandprix/seattle00.shtml,gp,extended
0,27582,1,98,Won 1-0,ptla9900,1598.38,1614.92,e6tfdu3u,"Godinez Estrada, Gerardo",1518.5,8.0,2000-02-04,True,Pro Tour Los Angeles 2000,http://web.archive.org/web/20130511052628/http://www.wizards.com/sideboard/article.asp?x=PTLA9900/welcome,pt,MMQ draft
0,27796,2,153,Won 2-1,ptla9900,1614.92,1630.54,1c0h4mhv,"Spica, Joe",1483.59,8.0,2000-02-04,True,Pro Tour Los Angeles 2000,http://web.archive.org/web/20130511052628/http://www.wizards.com/sideboard/article.asp?x=PTLA9900/welcome,pt,MMQ draft
0,27842,3,40,Won 2-0,ptla9900,1630.54,1648.13,l98twjlh,"Nishioka, Andrew",1607.92,8.0,2000-02-04,True,Pro Tour Los Angeles 2000,http://web.archive.org/web/20130511052628/http://www.wizards.com/sideboard/article.asp?x=PTLA9900/welcome,pt,MMQ draft
0,28085,4,124,Won 2-1,ptla9900,1648.13,1663.85,y0mwk2ye,"Myrvig, Peter",1522.42,8.0,2000-02-04,True,Pro Tour Los Angeles 2000,http://web.archive.org/web/20130511052628/http://www.wizards.com/sideboard/article.asp?x=PTLA9900/welcome,pt,MMQ draft
0,28224,5,106,Won 2-0,ptla9900,1663.85,1680.32,md7wknt0,"Cunniff, Raphael",1579.92,8.0,2000-02-04,True,Pro Tour Los Angeles 2000,http://web.archive.org/web/20130511052628/http://www.wizards.com/sideboard/article.asp?x=PTLA9900/welcome,pt,MMQ draft
0,28348,6,76,Lost 0-2,ptla9900,1680.32,1661.86,1xh5kt7x,"Burgner, Kurt",1654.9,8.0,2000-02-04,True,Pro Tour Los Angeles 2000,http://web.archive.org/web/20130511052628/http://www.wizards.com/sideboard/article.asp?x=PTLA9900/welcome,pt,MMQ draft
0,28471,7,57,Won 2-1,ptla9900,1661.86,1678.16,316xd6aw,"Liao, Yuhkong",1568.76,8.0,2000-02-04,True,Pro Tour Los Angeles 2000,http://web.archive.org/web/20130511052628/http://www.wizards.com/sideboard/article.asp?x=PTLA9900/welcome,pt,MMQ draft
0,28575,8,32,Won 2-0,ptla9900,1678.16,1696.91,sdn2v5kt,"McKenna, Timothy",1719.32,8.0,2000-02-04,True,Pro Tour Los Angeles 2000,http://web.archive.org/web/20130511052628/http://www.wizards.com/sideboard/article.asp?x=PTLA9900/welcome,pt,MMQ draft
0,28618,9,27,Won 2-1,ptla9900,1696.91,1717.57,0vo80o2c,"Ljones, Christer",1843.44,8.0,2000-02-04,True,Pro Tour Los Angeles 2000,http://web.archive.org/web/20130511052628/http://www.wizards.com/sideboard/article.asp?x=PTLA9900/welcome,pt,MMQ draft
0,28647,10,8,Draw 1-1,ptla9900,1717.57,1717.88,1xh5kt7x,"Burgner, Kurt",1734.63,8.0,2000-02-04,True,Pro Tour Los Angeles 2000,http://web.archive.org/web/20130511052628/http://www.wizards.com/sideboard/article.asp?x=PTLA9900/welcome,pt,MMQ draft
0,28717,11,30,Won 1-0,ptla9900,1717.88,1738.09,1p5vtyv1,"Labarre, Nicolas",1839.81,8.0,2000-02-04,True,Pro Tour Los Angeles 2000,http://web.archive.org/web/20130511052628/http://www.wizards.com/sideboard/article.asp?x=PTLA9900/welcome,pt,MMQ draft
0,28780,12,46,Lost 0-2,ptla9900,1738.09,1719.73,1xh5kt7x,"Burgner, Kurt",1718.22,8.0,2000-02-04,True,Pro Tour Los Angeles 2000,http://web.archive.org/web/20130511052628/http://www.wizards.com/sideboard/article.asp?x=PTLA9900/welcome,pt,MMQ draft
0,28822,13,41,Won 2-0,ptla9900,1719.73,1736.71,za15eg9p,"Benafel, Chris",1663.61,8.0,2000-02-04,True,Pro Tour Los Angeles 2000,http://web.archive.org/web/20130511052628/http://www.wizards.com/sideboard/article.asp?x=PTLA9900/welcome,pt,MMQ draft
0,28840,14,14,ID,ptla9900,1736.71,1736.71,xssxqa4z,"Ekebom, Erno",1792.75,8.0,2000-02-04,True,Pro Tour Los Angeles 2000,http://web.archive.org/web/20130511052628/http://www.wizards.com/sideboard/article.asp?x=PTLA9900/welcome,pt,MMQ draft
0,28871,Q,2,Won 3-0,ptla9900,1736.71,1754.46,l98twjlh,"Nishioka, Andrew",1723.27,8.0,2000-02-04,True,Pro Tour Los Angeles 2000,http://web.archive.org/web/20130511052628/http://www.wizards.com/sideboard/article.asp?x=PTLA9900/welcome,pt,MMQ draft
0,28874,S,1,Won 3-0,ptla9900,1754.46,1772.49,1xh5kt7x,"Burgner, Kurt",1756.33,8.0,2000-02-04,True,Pro Tour Los Angeles 2000,http://web.archive.org/web/20130511052628/http://www.wizards.com/sideboard/article.asp?x=PTLA9900/welcome,pt,MMQ draft
0,28876,F,1,Won 3-1,ptla9900,1772.49,1789.26,za15eg9p,"Benafel, Chris",1705.0,8.0,2000-02-04,True,Pro Tour Los Angeles 2000,http://web.archive.org/web/20130511052628/http://www.wizards.com/sideboard/article.asp?x=PTLA9900/welcome,pt,MMQ draft
0,31652,1,89,Won 1-0,ptny9900,1789.26,1806.65,23yeyopm,"Humpherys, David",1755.63,8.0,2000-04-14,True,Pro Tour New York 2000,https://web.archive.org/web/20000510230426/http://www.wizards.com/sideboard/event.asp?event=PTNY00,pt,Masques block
0,31732,2,14,Lost 1-2,ptny9900,1806.65,1785.4,929qx8e1,"Gordon, Mark",1626.24,8.0,2000-04-14,True,Pro Tour New York 2000,https://web.archive.org/web/20000510230426/http://www.wizards.com/sideboard/event.asp?event=PTNY00,pt,Masques block
0,31973,3,101,Won 2-1,ptny9900,1785.4,1799.63,uvjouipw,"Klauser, Benedikt",1576.01,8.0,2000-04-14,True,Pro Tour New York 2000,https://web.archive.org/web/20000510230426/http://www.wizards.com/sideboard/event.asp?event=PTNY00,pt,Masques block
0,32085,4,60,Won 2-1,ptny9900,1799.63,1819.66,h1hbo4vr,"Shvartsman, Alex",1911.15,8.0,2000-04-14,True,Pro Tour New York 2000,https://web.archive.org/web/20000510230426/http://www.wizards.com/sideboard/event.asp?event=PTNY00,pt,Masques block
0,32201,5,28,Won 2-1,ptny9900,1819.66,1835.3,kdcqu71i,"Marsh, Warren",1689.71,8.0,2000-04-14,True,Pro Tour New York 2000,https://web.archive.org/web/20000510230426/http://www.wizards.com/sideboard/event.asp?event=PTNY00,pt,Masques block
0,32322,6,12,ID,ptny9900,1835.3,1835.3,xssxqa4z,"Ekebom, Erno",1815.15,8.0,2000-04-14,True,Pro Tour New York 2000,https://web.archive.org/web/20000510230426/http://www.wizards.com/sideboard/event.asp?event=PTNY00,pt,Masques block
0,32447,7,13,Draw 1-1,ptny9900,1835.3,1834.11,jw1xaojy,"Valkyser, Stephan",1769.75,8.0,2000-04-14,True,Pro Tour New York 2000,https://web.archive.org/web/20000510230426/http://www.wizards.com/sideboard/event.asp?event=PTNY00,pt,Masques block
0,32567,8,23,Won 1-0,ptny9900,1834.11,1847.45,aa0ci17l,"Johansson, Hans",1573.17,8.0,2000-04-14,True,Pro Tour New York 2000,https://web.archive.org/web/20000510230426/http://www.wizards.com/sideboard/event.asp?event=PTNY00,pt,Masques block
0,32606,9,14,Won 2-1,ptny9900,1847.45,1861.25,kmace0fv,"Currence, Bryce",1612.54,8.0,2000-04-14,True,Pro Tour New York 2000,https://web.archive.org/web/20000510230426/http://www.wizards.com/sideboard/event.asp?event=PTNY00,pt,Masques block
0,32648,10,8,Won 1-0,ptny9900,1861.25,1876.86,5ysod3tm,"Devenport, David",1729.96,8.0,2000-04-14,True,Pro Tour New York 2000,https://web.archive.org/web/20000510230426/http://www.wizards.com/sideboard/event.asp?event=PTNY00,pt,Masques block
0,32693,11,5,Lost 1-2,ptny9900,1876.86,1854.28,mrt40xrj,"Kettil, Mattias",1619.86,8.0,2000-04-14,True,Pro Tour New York 2000,https://web.archive.org/web/20000510230426/http://www.wizards.com/sideboard/event.asp?event=PTNY00,pt,Masques block
0,32745,12,10,Won 2-0,ptny9900,1854.28,1867.58,b1jisvvl,"Marks, Jason",1590.66,8.0,2000-04-14,True,Pro Tour New York 2000,https://web.archive.org/web/20000510230426/http://www.wizards.com/sideboard/event.asp?event=PTNY00,pt,Masques block
0,32788,13,7,Won 2-1,ptny9900,1867.58,1885.51,0kj5xumu,"McCord, Scott",1864.0,8.0,2000-04-14,True,Pro Tour New York 2000,https://web.archive.org/web/20000510230426/http://www.wizards.com/sideboard/event.asp?event=PTNY00,pt,Masques block
0,32832,14,6,Lost 0-2,ptny9900,1885.51,1865.3,1pyrio97,"Hron, Mike",1763.35,8.0,2000-04-14,True,Pro Tour New York 2000,https://web.archive.org/web/20000510230426/http://www.wizards.com/sideboard/event.asp?event=PTNY00,pt,Masques block
0,32885,1,8,Lost 0-2,natus00,1865.3,1845.1,j58u64wq,"Price, Dave",1744.48,,2000-06-09,False,2000 United States National Championship,http://web.archive.org/web/20140204000732/http://www.wizards.com/sideboard/article.asp?x=usnat00/welcome,national,mixed
0,32995,2,44,Won 2-0,natus00,1845.1,1858.16,0l96t1o3,"James, Carl",1567.32,,2000-06-09,False,2000 United States National Championship,http://web.archive.org/web/20140204000732/http://www.wizards.com/sideboard/article.asp?x=usnat00/welcome,national,mixed
0,33093,3,69,Won 2-0,natus00,1858.16,1869.88,ff85jxkh,"Connell, Warren",1498.66,,2000-06-09,False,2000 United States National Championship,http://web.archive.org/web/20140204000732/http://www.wizards.com/sideboard/article.asp?x=usnat00/welcome,national,mixed
0,33150,4,53,Won 1-0,natus00,1869.88,1881.73,e0hjd4t0,"Oxford, Joe",1518.61,,2000-06-09,False,2000 United States National Championship,http://web.archive.org/web/20140204000732/http://www.wizards.com/sideboard/article.asp?x=usnat00/welcome,national,mixed
0,33187,5,14,Lost 0-1,natus00,1881.73,1860.65,me4nlw5o,"Guevin, Thomas",1711.46,,2000-06-09,False,2000 United States National Championship,http://web.archive.org/web/20140204000732/http://www.wizards.com/sideboard/article.asp?x=usnat00/welcome,national,mixed
0,33251,6,7,Won 0-0,natus00,1860.65,1872.91,xpremuvm,"Fitzgerald, Sean",1534.49,,2000-06-09,False,2000 United States National Championship,http://web.archive.org/web/20140204000732/http://www.wizards.com/sideboard/article.asp?x=usnat00/welcome,national,mixed
0,33329,7,15,Won 2-1,natus00,1872.91,1885.55,q392prwb,"Lagges, John",1569.78,,2000-06-09,False,2000 United States National Championship,http://web.archive.org/web/20140204000732/http://www.wizards.com/sideboard/article.asp?x=usnat00/welcome,national,mixed
0,33389,8,8,Lost 0-2,natus00,1885.55,1863.61,ehdksfwi,"Pustilnik, Michael",1665.95,,2000-06-09,False,2000 United States National Championship,http://web.archive.org/web/20140204000732/http://www.wizards.com/sideboard/article.asp?x=usnat00/welcome,national,mixed
0,33461,9,21,Lost 1-2,natus00,1863.61,1843.86,jfvflnna,"Maher, Bob",1767.9,,2000-06-09,False,2000 United States National Championship,http://web.archive.org/web/20140204000732/http://www.wizards.com/sideboard/article.asp?x=usnat00/welcome,national,mixed
0,38448,1,133,Won 2-0,worlds2000,1843.86,1861.04,iebqs8se,"O'Mahoney-Schwartz, Steven",1798.51,,2000-08-02,True,2000 World Championship,http://web.archive.org/web/20131212232156/http://www.wizards.com/sideboard/worlds2000/,pt,mixed
0,38466,2,15,Won 1-0,worlds2000,1861.04,1876.14,haux4exm,"Jonsson, Andreas",1701.0,,2000-08-02,True,2000 World Championship,http://web.archive.org/web/20131212232156/http://www.wizards.com/sideboard/worlds2000/,pt,mixed
0,38621,3,34,Won 1-0,worlds2000,1876.14,1890.89,7b1ppwj0,"Oman, Jimmy",1695.64,,2000-08-02,True,2000 World Championship,http://web.archive.org/web/20131212232156/http://www.wizards.com/sideboard/worlds2000/,pt,mixed
0,38740,4,17,Won 2-0,worlds2000,1890.89,1908.2,kdcqu71i,"Marsh, Warren",1853.15,,2000-08-02,True,2000 World Championship,http://web.archive.org/web/20131212232156/http://www.wizards.com/sideboard/worlds2000/,pt,mixed
0,38868,5,9,Lost 1-2,worlds2000,1908.2,1886.74,w53abt0c,"Clegg, Daniel",1716.28,,2000-08-02,True,2000 World Championship,http://web.archive.org/web/20131212232156/http://www.wizards.com/sideboard/worlds2000/,pt,mixed
0,39021,6,26,Lost 0-2,worlds2000,1886.74,1869.68,gpnoyxve,"Eskeland, Sigurd",1938.24,,2000-08-02,True,2000 World Championship,http://web.archive.org/web/20131212232156/http://www.wizards.com/sideboard/worlds2000/,pt,mixed
0,39146,7,15,Lost 0-2,worlds2000,1869.68,1848.88,oq3aux2v,"Baberowski, Dirk",1715.18,,2000-08-02,True,2000 World Championship,http://web.archive.org/web/20131212232156/http://www.wizards.com/sideboard/worlds2000/,pt,mixed
0,39334,8,67,Won 2-0,worlds2000,1848.88,1859.45,m2ps8bob,"Ostrovich, Diego",1415.65,,2000-08-02,True,2000 World Championship,http://web.archive.org/web/20131212232156/http://www.wizards.com/sideboard/worlds2000/,pt,mixed
0,39513,9,110,Lost 0-2,worlds2000,1859.45,1838.26,haux4exm,"Jonsson, Andreas",1683.02,,2000-08-02,True,2000 World Championship,http://web.archive.org/web/20131212232156/http://www.wizards.com/sideboard/worlds2000/,pt,mixed
0,39546,10,7,Lost 0-2,worlds2000,1838.26,1818.18,rj8ztpzk,"McCarrel, Casey",1723.64,,2000-08-02,True,2000 World Championship,http://web.archive.org/web/20131212232156/http://www.wizards.com/sideboard/worlds2000/,pt,mixed
0,39706,11,31,Lost 0-2,worlds2000,1818.18,1796.75,rb5w738o,"Le Saux, Rafael",1627.53,,2000-08-02,True,2000 World Championship,http://web.archive.org/web/20131212232156/http://www.wizards.com/sideboard/worlds2000/,pt,mixed
0,39906,12,95,Won 2-0,worlds2000,1796.75,1808.96,3acxujmk,"Magdic, Alen",1468.11,,2000-08-02,True,2000 World Championship,http://web.archive.org/web/20131212232156/http://www.wizards.com/sideboard/worlds2000/,pt,mixed
0,40030,13,84,Won 2-0,worlds2000,1808.96,1823.85,zy93yf1f,"Wall, Mike",1636.81,,2000-08-02,True,2000 World Championship,http://web.archive.org/web/20131212232156/http://www.wizards.com/sideboard/worlds2000/,pt,mixed
0,40142,14,65,Lost 1-2,worlds2000,1823.85,1802.59,x1lebg8w,"Kibler, Brian",1642.81,,2000-08-02,True,2000 World Championship,http://web.archive.org/web/20131212232156/http://www.wizards.com/sideboard/worlds2000/,pt,mixed
0,40289,15,82,Won 2-0,worlds2000,1802.59,1815.21,yerv7rkn,"Costea, Bogdan",1498.55,,2000-08-02,True,2000 World Championship,http://web.archive.org/web/20131212232156/http://www.wizards.com/sideboard/worlds2000/,pt,mixed
0,40406,16,70,Won 2-1,worlds2000,1815.21,1827.73,jpzstbij,"Vitali, Andrea",1505.29,,2000-08-02,True,2000 World Championship,http://web.archive.org/web/20131212232156/http://www.wizards.com/sideboard/worlds2000/,pt,mixed
0,40515,17,51,Lost 0-2,worlds2000,1827.73,1806.55,e6tfdu3u,"Godinez Estrada, Gerardo",1651.24,,2000-08-02,True,2000 World Championship,http://web.archive.org/web/20131212232156/http://www.wizards.com/sideboard/worlds2000/,pt,mixed
0,43729,R32,4,Won 2-0,ptny00-mas,1806.55,1829.78,7d05pfwn,"Finkel, Jon",2101.75,,2000-09-28,False,Pro Tour New York 2000 Masters,http://web.archive.org/web/20130520133132/http://www.wizards.com/sideboard/article.asp?x=mastersny00/welcome,masters,extended
0,43743,R16,2,Lost 1-2,ptny00-mas,1829.78,1813.26,akq5t76h,"Rubin, Benjamin",1911.36,,2000-09-28,False,Pro Tour New York 2000 Masters,http://web.archive.org/web/20130520133132/http://www.wizards.com/sideboard/article.asp?x=mastersny00/welcome,masters,extended
0,44941,4,29,Lost 1-2,gpdal00,1813.26,1790.88,soegq6xd,"Tsai, Tony",1567.96,8.0,2000-10-28,False,Grand Prix Dallas 2000,http://web.archive.org/web/20130511050013/http://www.wizards.com/sideboard/event.asp?event=GPDAL00,gp,INV limited
0,45120,5,70,Won 2-1,gpdal00,1790.88,1804.3,hqndqc3a,"Kinney, Chris",1534.68,8.0,2000-10-28,False,Grand Prix Dallas 2000,http://web.archive.org/web/20130511050013/http://www.wizards.com/sideboard/event.asp?event=GPDAL00,gp,INV limited
0,45195,6,25,Won 2-0,gpdal00,1804.3,1817.82,f7sxjk2r,"Martin, Scot",1553.36,8.0,2000-10-28,False,Grand Prix Dallas 2000,http://web.archive.org/web/20130511050013/http://www.wizards.com/sideboard/event.asp?event=GPDAL00,gp,INV limited
0,45286,7,11,Won 2-1,gpdal00,1817.82,1836.57,tng51q5k,"Tsang, Gabriel",1858.78,8.0,2000-10-28,False,Grand Prix Dallas 2000,http://web.archive.org/web/20130511050013/http://www.wizards.com/sideboard/event.asp?event=GPDAL00,gp,INV limited
0,45377,8,13,Won 2-0,gpdal00,1836.57,1850.27,fz5huyvr,"Lisica, Kyle",1596.46,8.0,2000-10-28,False,Grand Prix Dallas 2000,http://web.archive.org/web/20130511050013/http://www.wizards.com/sideboard/event.asp?event=GPDAL00,gp,INV limited
0,45401,9,5,Won 2-0,gpdal00,1850.27,1862.35,q1n959zh,"Smith, Sean",1513.5,8.0,2000-10-28,False,Grand Prix Dallas 2000,http://web.archive.org/web/20130511050013/http://www.wizards.com/sideboard/event.asp?event=GPDAL00,gp,INV limited
0,45449,10,21,Won 2-1,gpdal00,1862.35,1876.04,nqqlizb5,"Pechon, Jonathan",1621.4,8.0,2000-10-28,False,Grand Prix Dallas 2000,http://web.archive.org/web/20130511050013/http://www.wizards.com/sideboard/event.asp?event=GPDAL00,gp,INV limited
0,45475,11,15,Won 2-1,gpdal00,1876.04,1893.3,e4x33lyi,"LePine, Mark",1835.38,8.0,2000-10-28,False,Grand Prix Dallas 2000,http://web.archive.org/web/20130511050013/http://www.wizards.com/sideboard/event.asp?event=GPDAL00,gp,INV limited
0,45495,12,3,ID,gpdal00,1893.3,1893.3,eicssc44,"Linde, Matt",1830.15,8.0,2000-10-28,False,Grand Prix Dallas 2000,http://web.archive.org/web/20130511050013/http://www.wizards.com/sideboard/event.asp?event=GPDAL00,gp,INV limited
0,45547,13,26,Lost 0-2,gpdal00,1893.3,1869.97,svnbpx3t,"Romig, Ben",1591.76,8.0,2000-10-28,False,Grand Prix Dallas 2000,http://web.archive.org/web/20130511050013/http://www.wizards.com/sideboard/event.asp?event=GPDAL00,gp,INV limited
0,45550,Q,1,Lost 1-2,gpdal00,1869.97,1850.2,79nnamgm,"Vienneau, Matthew",1772.75,8.0,2000-10-28,False,Grand Prix Dallas 2000,http://web.archive.org/web/20130511050013/http://www.wizards.com/sideboard/event.asp?event=GPDAL00,gp,INV limited
0,53964,R32,10,Lost 0-0,ptchi00-mas,1850.2,1830.58,eeod607j,"Bregoli, Mike",1761.17,,2000-11-30,False,Pro Tour Chicago 2000 Masters,http://web.archive.org/web/20130511041930/http://www.wizards.com/sideboard/event.asp?event=MASTERSCHI00,masters,INV draft
0,54003,1,18,Lost 1-2,ptchi00,1830.58,1809.12,d29ej4tf,"Schneiders, Felix",1638.66,8.0,2000-12-01,True,Pro Tour Chicago 2000,http://web.archive.org/web/20130707135528/http://www.wizards.com/sideboard/event.asp?event=ptchi00,pt,INV standard
0,54241,2,91,Lost 1-2,ptchi00,1809.12,1785.49,s2poft5v,"Ruggiero, Marco",1489.72,8.0,2000-12-01,True,Pro Tour Chicago 2000,http://web.archive.org/web/20130707135528/http://www.wizards.com/sideboard/event.asp?event=ptchi00,pt,INV standard
0,56604,4,21,Won 2-1,gpneo01,1785.49,1798.13,fcofqa5s,"Jack, Chris",1482.44,8.0,2001-01-06,False,Grand Prix New Orleans 2001,http://web.archive.org/web/20130511075807/http://www.wizards.com/sideboard/event.asp?event=GPNOR01,gp,INV limited
0,56776,5,5,Won 2-0,gpneo01,1798.13,1811.77,lev9wfdz,"Frazier, Matthew",1554.56,8.0,2001-01-06,False,Grand Prix New Orleans 2001,http://web.archive.org/web/20130511075807/http://www.wizards.com/sideboard/event.asp?event=GPNOR01,gp,INV limited
0,56931,6,5,Won 2-0,gpneo01,1811.77,1832.27,ehdksfwi,"Pustilnik, Michael",1949.51,8.0,2001-01-06,False,Grand Prix New Orleans 2001,http://web.archive.org/web/20130511075807/http://www.wizards.com/sideboard/event.asp?event=GPNOR01,gp,INV limited
0,57063,7,5,Draw 1-1,gpneo01,1832.27,1827.49,t52w0d64,"Stead, Bill",1563.84,8.0,2001-01-06,False,Grand Prix New Orleans 2001,http://web.archive.org/web/20130511075807/http://www.wizards.com/sideboard/event.asp?event=GPNOR01,gp,INV limited
0,57284,11,21,Won 2-1,gpneo01,1827.49,1840.8,qefvlrbv,"Schmidt, Karl",1564.75,8.0,2001-01-06,False,Grand Prix New Orleans 2001,http://web.archive.org/web/20130511075807/http://www.wizards.com/sideboard/event.asp?event=GPNOR01,gp,INV limited
0,57315,12,21,Won 2-0,gpneo01,1840.8,1855.5,sdn2v5kt,"McKenna, Timothy",1657.96,8.0,2001-01-06,False,Grand Prix New Orleans 2001,http://web.archive.org/web/20130511075807/http://www.wizards.com/sideboard/event.asp?event=GPNOR01,gp,INV limited
0,57352,13,28,Won 2-0,gpneo01,1855.5,1872.25,nqx8uec5,"Ho, Lan",1786.57,8.0,2001-01-06,False,Grand Prix New Orleans 2001,http://web.archive.org/web/20130511075807/http://www.wizards.com/sideboard/event.asp?event=GPNOR01,gp,INV limited
0,60991,1,90,Lost 1-2,ptla01,1872.25,1848.44,42in6d6b,"Holden, Dan",1542.42,8.0,2001-02-02,True,Pro Tour Los Angeles 2001,http://web.archive.org/web/20130518204903/http://www.wizards.com/sideboard/event.asp?event=ptla01,pt,INV rochester
0,61076,2,12,Lost 1-2,ptla01,1848.44,1823.92,yjvy7da9,"Jarvis, Steven",1473.68,8.0,2001-02-02,True,Pro Tour Los Angeles 2001,http://web.archive.org/web/20130518204903/http://www.wizards.com/sideboard/event.asp?event=ptla01,pt,INV rochester
0,61290,3,63,Won 2-0,ptla01,1823.92,1842.0,x30tijbu,"Long, Mike 2",1828.37,8.0,2001-02-02,True,Pro Tour Los Angeles 2001,http://web.archive.org/web/20130518204903/http://www.wizards.com/sideboard/event.asp?event=ptla01,pt,INV rochester
0,61413,4,23,Won 1-0,ptla01,1842.0,1853.42,t8ahfddt,"Godard, Glenn",1464.12,8.0,2001-02-02,True,Pro Tour Los Angeles 2001,http://web.archive.org/web/20130518204903/http://www.wizards.com/sideboard/event.asp?event=ptla01,pt,INV rochester
0,61641,5,91,Won 2-0,ptla01,1853.42,1866.84,k1gus6e5,"Harle, Thomas",1596.39,8.0,2001-02-02,True,Pro Tour Los Angeles 2001,http://web.archive.org/web/20130518204903/http://www.wizards.com/sideboard/event.asp?event=ptla01,pt,INV rochester
0,61747,6,45,Lost 1-2,ptla01,1866.84,1846.84,9lh9td82,"Williams, David A",1756.95,8.0,2001-02-02,True,Pro Tour Los Angeles 2001,http://web.archive.org/web/20130518204903/http://www.wizards.com/sideboard/event.asp?event=ptla01,pt,INV rochester
0,61919,7,78,Won 2-0,ptla01,1846.84,1865.74,za15eg9p,"Benafel, Chris",1896.43,8.0,2001-02-02,True,Pro Tour Los Angeles 2001,http://web.archive.org/web/20130518204903/http://www.wizards.com/sideboard/event.asp?event=ptla01,pt,INV rochester
0,62028,8,68,Won 2-1,ptla01,1865.74,1885.36,yvfgrjfr,"Boeken, Noah",1954.43,8.0,2001-02-02,True,Pro Tour Los Angeles 2001,http://web.archive.org/web/20130518204903/http://www.wizards.com/sideboard/event.asp?event=ptla01,pt,INV rochester
0,62071,9,30,Won 2-0,ptla01,1885.36,1899.96,jyl5oynm,"Monsen, Haakon",1696.82,8.0,2001-02-02,True,Pro Tour Los Angeles 2001,http://web.archive.org/web/20130518204903/http://www.wizards.com/sideboard/event.asp?event=ptla01,pt,INV rochester
0,62142,10,20,Won 2-1,ptla01,1899.96,1914.0,yiab406r,"Douglass, Morgan",1679.33,8.0,2001-02-02,True,Pro Tour Los Angeles 2001,http://web.archive.org/web/20130518204903/http://www.wizards.com/sideboard/event.asp?event=ptla01,pt,INV rochester
0,62222,11,19,Won 2-1,ptla01,1914.0,1930.52,vve0i3ib,"Herzog, Nicolai",1832.98,8.0,2001-02-02,True,Pro Tour Los Angeles 2001,http://web.archive.org/web/20130518204903/http://www.wizards.com/sideboard/event.asp?event=ptla01,pt,INV rochester
0,62354,12,73,Lost 0-2,ptla01,1930.52,1911.04,jafh5dee,"Jafari, David",1849.14,8.0,2001-02-02,True,Pro Tour Los Angeles 2001,http://web.archive.org/web/20130518204903/http://www.wizards.com/sideboard/event.asp?event=ptla01,pt,INV rochester
0,62383,13,21,Won 2-0,ptla01,1911.04,1927.71,rbfnurpp,"Ruel, Olivier",1838.01,8.0,2001-02-02,True,Pro Tour Los Angeles 2001,http://web.archive.org/web/20130518204903/http://www.wizards.com/sideboard/event.asp?event=ptla01,pt,INV rochester
0,62452,14,13,Lost 0-2,ptla01,1927.71,1905.27,v8i9pxiw,"Shinkins, Stewart",1679.07,8.0,2001-02-02,True,Pro Tour Los Angeles 2001,http://web.archive.org/web/20130518204903/http://www.wizards.com/sideboard/event.asp?event=ptla01,pt,INV rochester
0,71980,1,130,Won 2-1,pttok01,1905.27,1916.26,ts9ui2i7,"Komuro, Shuu",1500.0,8.0,2001-03-16,True,Pro Tour Tokyo 2001,http://web.archive.org/web/20130511025516/http://www.wizards.com/sideboard/event.asp?event=PTTOK01,pt,Invasion block
0,72043,2,59,Lost 1-2,pttok01,1916.26,1895.94,x1lebg8w,"Kibler, Brian",1788.4,8.0,2001-03-16,True,Pro Tour Tokyo 2001,http://web.archive.org/web/20130511025516/http://www.wizards.com/sideboard/event.asp?event=PTTOK01,pt,Invasion block
0,72212,3,94,Won 2-0,pttok01,1895.94,1908.8,cagps37t,"Mello, Patrick",1605.72,8.0,2001-03-16,True,Pro Tour Tokyo 2001,http://web.archive.org/web/20130511025516/http://www.wizards.com/sideboard/event.asp?event=PTTOK01,pt,Invasion block
0,72285,4,33,Lost 0-2,pttok01,1908.8,1886.69,q1n959zh,"Smith, Sean",1679.5,8.0,2001-03-16,True,Pro Tour Tokyo 2001,http://web.archive.org/web/20130511025516/http://www.wizards.com/sideboard/event.asp?event=PTTOK01,pt,Invasion block
0,72437,5,52,Won 2-1,pttok01,1886.69,1899.84,5vyuqcz5,"Welty, Terry",1614.44,8.0,2001-03-16,True,Pro Tour Tokyo 2001,http://web.archive.org/web/20130511025516/http://www.wizards.com/sideboard/event.asp?event=PTTOK01,pt,Invasion block
0,72574,6,61,Won 2-0,pttok01,1899.84,1919.55,zxhxt8nk,"Budde, Kai",1993.85,8.0,2001-03-16,True,Pro Tour Tokyo 2001,http://web.archive.org/web/20130511025516/http://www.wizards.com/sideboard/event.asp?event=PTTOK01,pt,Invasion block
0,72666,7,30,Won 2-1,pttok01,1919.55,1934.2,2ghnv8h0,"Wong, Nicholas Jonathan",1733.72,8.0,2001-03-16,True,Pro Tour Tokyo 2001,http://web.archive.org/web/20130511025516/http://www.wizards.com/sideboard/event.asp?event=PTTOK01,pt,Invasion block
0,72765,8,17,Won 2-1,pttok01,1934.2,1951.74,cce4gcqr,"Cornelissen, Kamiel",1908.93,8.0,2001-03-16,True,Pro Tour Tokyo 2001,http://web.archive.org/web/20130511025516/http://www.wizards.com/sideboard/event.asp?event=PTTOK01,pt,Invasion block
0,72823,9,11,Won 2-0,pttok01,1951.74,1966.25,p1vxe78h,"Jorstedt, Mattias",1757.95,8.0,2001-03-16,True,Pro Tour Tokyo 2001,http://web.archive.org/web/20130511025516/http://www.wizards.com/sideboard/event.asp?event=PTTOK01,pt,Invasion block
0,72883,10,7,Won 2-0,pttok01,1966.25,1982.58,efv3nlch,"Menard, Antoine",1874.67,8.0,2001-03-16,True,Pro Tour Tokyo 2001,http://web.archive.org/web/20130511025516/http://www.wizards.com/sideboard/event.asp?event=PTTOK01,pt,Invasion block
0,72945,11,5,Lost 1-2,pttok01,1982.58,1963.5,xc890hpf,"Mowshowitz, Zvi",1923.32,8.0,2001-03-16,True,Pro Tour Tokyo 2001,http://web.archive.org/web/20130511025516/http://www.wizards.com/sideboard/event.asp?event=PTTOK01,pt,Invasion block
0,73014,12,10,Lost 0-2,pttok01,1963.5,1939.89,vh4mxf8m,"Ranque, Wilfried",1645.02,8.0,2001-03-16,True,Pro Tour Tokyo 2001,http://web.archive.org/web/20130511025516/http://www.wizards.com/sideboard/event.asp?event=PTTOK01,pt,Invasion block
0,73086,13,19,Won 2-1,pttok01,1939.89,1956.57,79nnamgm,"Vienneau, Matthew",1867.5,8.0,2001-03-16,True,Pro Tour Tokyo 2001,http://web.archive.org/web/20130511025516/http://www.wizards.com/sideboard/event.asp?event=PTTOK01,pt,Invasion block
0,73139,14,11,ID,pttok01,1956.57,1956.57,t4okzl3p,"Taylor, Eric",1661.85,8.0,2001-03-16,True,Pro Tour Tokyo 2001,http://web.archive.org/web/20130511025516/http://www.wizards.com/sideboard/event.asp?event=PTTOK01,pt,Invasion block
0,78037,G2,17,Lost 0-0,ptbar01-mas,1956.57,1933.58,r6mdu9fs,"Malherbaud, Pierre",1675.66,,2001-05-03,False,Pro Tour Barcelona 2001 Masters,http://web.archive.org/web/20130511061848/https://www.wizards.com/sideboard/event.asp?event=MASTERSBAR01,masters,Invasion block
0,78268,1,157,Won 2-0,ptbar01,1933.58,1949.32,7jcr3jn3,"Herold, Jim",1809.47,8.0,2001-05-04,True,Pro Tour Barcelona 2001,http://web.archive.org/web/20130511053239/https://www.wizards.com/sideboard/event.asp?event=PTBAR01,pt,PLS draft
0,78299,2,21,Lost 1-2,ptbar01,1949.32,1931.52,jfvflnna,"Maher, Bob",1959.93,8.0,2001-05-04,True,Pro Tour Barcelona 2001,http://web.archive.org/web/20130511053239/https://www.wizards.com/sideboard/event.asp?event=PTBAR01,pt,PLS draft
0,78474,3,31,Won 2-0,ptbar01,1931.52,1940.92,ohula4z4,"Cresswell, Stuart",1418.63,8.0,2001-05-04,True,Pro Tour Barcelona 2001,http://web.archive.org/web/20130511053239/https://www.wizards.com/sideboard/event.asp?event=PTBAR01,pt,PLS draft
0,78660,4,52,Won 2-1,ptbar01,1940.92,1952.86,pdyphi97,"Chiu, Teng Feng",1595.48,8.0,2001-05-04,True,Pro Tour Barcelona 2001,http://web.archive.org/web/20130511053239/https://www.wizards.com/sideboard/event.asp?event=PTBAR01,pt,PLS draft
0,78839,5,67,Won 2-1,ptbar01,1952.86,1964.2,49gzth4r,"Niwa, Toshiharu",1569.4,8.0,2001-05-04,True,Pro Tour Barcelona 2001,http://web.archive.org/web/20130511053239/https://www.wizards.com/sideboard/event.asp?event=PTBAR01,pt,PLS draft
0,79020,6,85,Lost 1-2,ptbar01,1964.2,1944.24,rj8ztpzk,"McCarrel, Casey",1856.28,8.0,2001-05-04,True,Pro Tour Barcelona 2001,http://web.archive.org/web/20130511053239/https://www.wizards.com/sideboard/event.asp?event=PTBAR01,pt,PLS draft
0,79118,7,28,Lost 1-2,ptbar01,1944.24,1919.24,1rsch4c6,"Verbinnen, Kurt",1539.6,8.0,2001-05-04,True,Pro Tour Barcelona 2001,http://web.archive.org/web/20130511053239/https://www.wizards.com/sideboard/event.asp?event=PTBAR01,pt,PLS draft
0,79267,8,41,Won 2-1,ptbar01,1919.24,1932.37,vq47k01w,"Stead, Robert",1645.24,8.0,2001-05-04,True,Pro Tour Barcelona 2001,http://web.archive.org/web/20130511053239/https://www.wizards.com/sideboard/event.asp?event=PTBAR01,pt,PLS draft
0,79361,9,58,Won 2-0,ptbar01,1932.37,1944.32,eptbuqn6,"Cabrera, Adham",1587.43,8.0,2001-05-04,True,Pro Tour Barcelona 2001,http://web.archive.org/web/20130511053239/https://www.wizards.com/sideboard/event.asp?event=PTBAR01,pt,PLS draft
0,79442,10,63,Lost 1-2,ptbar01,1944.32,1926.55,pzh3fcim,"Levy, Raphael",1956.96,8.0,2001-05-04,True,Pro Tour Barcelona 2001,http://web.archive.org/web/20130511053239/https://www.wizards.com/sideboard/event.asp?event=PTBAR01,pt,PLS draft
0,79496,11,41,Won 2-0,ptbar01,1926.55,1938.48,0ud88nva,"Reasoner, Eric",1580.26,8.0,2001-05-04,True,Pro Tour Barcelona 2001,http://web.archive.org/web/20130511053239/https://www.wizards.com/sideboard/event.asp?event=PTBAR01,pt,PLS draft
0,79544,12,13,Lost 0-2,ptbar01,1938.48,1915.51,qefvlrbv,"Schmidt, Karl",1659.25,8.0,2001-05-04,True,Pro Tour Barcelona 2001,http://web.archive.org/web/20130511053239/https://www.wizards.com/sideboard/event.asp?event=PTBAR01,pt,PLS draft
0,79639,13,29,Won 2-1,ptbar01,1915.51,1927.06,qj3bxwam,"Molasky, Scott",1545.43,8.0,2001-05-04,True,Pro Tour Barcelona 2001,http://web.archive.org/web/20130511053239/https://www.wizards.com/sideboard/event.asp?event=PTBAR01,pt,PLS draft
0,79711,14,26,Lost 0-2,ptbar01,1927.06,1905.95,vnymrd48,"Rosholm, Thomas",1755.0,8.0,2001-05-04,True,Pro Tour Barcelona 2001,http://web.archive.org/web/20130511053239/https://www.wizards.com/sideboard/event.asp?event=PTBAR01,pt,PLS draft
0,82073,1,75,Lost 0-2,natus01,1905.95,1882.01,5r9d86ti,"Wescoe, Craig",1567.69,,2001-06-02,False,2001 United States National Championship,http://web.archive.org/web/20130511040735/http://www.wizards.com/sideboard/event.asp?event=USNAT01,national,mixed
0,82098,2,13,Won 2-0,natus01,1882.01,1895.83,8pxr4l94,"Regnier, Shawn",1648.29,,2001-06-02,False,2001 United States National Championship,http://web.archive.org/web/20130511040735/http://www.wizards.com/sideboard/event.asp?event=USNAT01,national,mixed
0,82243,3,71,Won 2-1,natus01,1895.83,1907.81,wwbjdx5d,"Tsay, Tony",1552.92,,2001-06-02,False,2001 United States National Championship,http://web.archive.org/web/20130511040735/http://www.wizards.com/sideboard/event.asp?event=USNAT01,national,mixed
0,82310,4,52,Won 2-0,natus01,1907.81,1919.04,m8akd5sr,"Rhoades, Kirk",1517.6,,2001-06-02,False,2001 United States National Championship,http://web.archive.org/web/20130511040735/http://www.wizards.com/sideboard/event.asp?event=USNAT01,national,mixed
0,82396,5,53,Won 2-1,natus01,1919.04,1930.73,1c1i9axp,"Leader, David",1557.67,,2001-06-02,False,2001 United States National Championship,http://web.archive.org/web/20130511040735/http://www.wizards.com/sideboard/event.asp?event=USNAT01,national,mixed
0,82510,6,82,Won 2-1,natus01,1930.73,1944.34,oz33n7wy,"Stark, Ben S",1685.18,,2001-06-02,False,2001 United States National Championship,http://web.archive.org/web/20130511040735/http://www.wizards.com/sideboard/event.asp?event=USNAT01,national,mixed
0,82520,7,9,Won 2-0,natus01,1944.34,1956.99,wja5w8d0,"Faesi, Christopher",1642.41,,2001-06-02,False,2001 United States National Championship,http://web.archive.org/web/20130511040735/http://www.wizards.com/sideboard/event.asp?event=USNAT01,national,mixed
0,82594,8,5,Won 2-1,natus01,1956.99,1972.23,j58u64wq,"Price, Dave",1804.13,,2001-06-02,False,2001 United States National Championship,http://web.archive.org/web/20130511040735/http://www.wizards.com/sideboard/event.asp?event=USNAT01,national,mixed
0,82664,9,3,Lost 1-2,natus01,1972.23,1950.96,1wf5pxwc,"Bachmann, David",1791.0,,2001-06-02,False,2001 United States National Championship,http://web.archive.org/web/20130511040735/http://www.wizards.com/sideboard/event.asp?event=USNAT01,national,mixed
0,82736,10,7,Won 2-1,natus01,1950.96,1968.91,i8olnjut,"Jensen, William",1948.5,,2001-06-02,False,2001 United States National Championship,http://web.archive.org/web/20130511040735/http://www.wizards.com/sideboard/event.asp?event=USNAT01,national,mixed
0,82792,11,5,Won 2-0,natus01,1968.91,1985.79,u6tgi281,"Parke, Jamie",1907.35,,2001-06-02,False,2001 United States National Championship,http://web.archive.org/web/20130511040735/http://www.wizards.com/sideboard/event.asp?event=USNAT01,national,mixed
0,82837,12,2,ID,natus01,1985.79,1985.79,rj8ztpzk,"McCarrel, Casey",1968.6,,2001-06-02,False,2001 United States National Championship,http://web.archive.org/web/20130511040735/http://www.wizards.com/sideboard/event.asp?event=USNAT01,national,mixed
0,82880,Q,2,Won 3-1,natus01,1985.79,1998.89,yx68ka9m,"Borteh, Alex",1710.36,,2001-06-02,False,2001 United States National Championship,http://web.archive.org/web/20130511040735/http://www.wizards.com/sideboard/event.asp?event=USNAT01,national,mixed
0,82883,S,1,Won 3-2,natus01,1998.89,2016.59,i8olnjut,"Jensen, William",1982.23,,2001-06-02,False,2001 United States National Championship,http://web.archive.org/web/20130511040735/http://www.wizards.com/sideboard/event.asp?event=USNAT01,national,mixed
0,82885,F,1,Won 3-0,natus01,2016.59,2031.96,5st6o8bx,"Hegstad, Brian",1871.31,,2001-06-02,False,2001 United States National Championship,http://web.archive.org/web/20130511040735/http://www.wizards.com/sideboard/event.asp?event=USNAT01,national,mixed
0,86487,1,20,Lost 1-2,wc01,2031.96,2013.37,tbdpv3td,"Nieminen, Tuomo",2000.05,,2001-08-08,True,2001 World Championship,http://web.archive.org/web/20170412233350/http://magic.wizards.com/en/events/coverage/wc01,pt,mixed
0,86721,2,106,Lost 0-2,wc01,2013.37,1991.79,9lh9td82,"Williams, David A",1814.14,,2001-08-08,True,2001 World Championship,http://web.archive.org/web/20170412233350/http://magic.wizards.com/en/events/coverage/wc01,pt,mixed
0,86895,3,133,Lost 1-2,wc01,1991.79,1969.13,vcla8f0e,"Elarar, Jay",1730.42,,2001-08-08,True,2001 World Championship,http://web.archive.org/web/20170412233350/http://magic.wizards.com/en/events/coverage/wc01,pt,mixed
0,87046,4,137,Lost 0-2,wc01,1969.13,1948.87,u6tgi281,"Parke, Jamie",1845.06,,2001-08-08,True,2001 World Championship,http://web.archive.org/web/20170412233350/http://magic.wizards.com/en/events/coverage/wc01,pt,mixed
0,87200,5,144,Lost 1-2,wc01,1948.87,1922.92,4hifm8vu,"Di Tomaso, Matteo",1480.5,,2001-08-08,True,2001 World Championship,http://web.archive.org/web/20170412233350/http://magic.wizards.com/en/events/coverage/wc01,pt,mixed
0,87552,8,57,Won 2-0,wc01,1922.92,1932.03,kpotn6b1,"Maia, Dinis",1389.18,,2001-08-08,True,2001 World Championship,http://web.archive.org/web/20170412233350/http://magic.wizards.com/en/events/coverage/wc01,pt,mixed
0,87772,9,133,Won 2-0,wc01,1932.03,1945.6,pqxmqdj0,"Swan, Brad",1684.33,,2001-08-08,True,2001 World Championship,http://web.archive.org/web/20170412233350/http://magic.wizards.com/en/events/coverage/wc01,pt,mixed
0,87836,10,53,Won 2-0,wc01,1945.6,1955.68,nspqwnaq,"Barbero, Jose",1479.69,,2001-08-08,True,2001 World Championship,http://web.archive.org/web/20170412233350/http://magic.wizards.com/en/events/coverage/wc01,pt,mixed
0,88014,11,89,Won 2-1,wc01,1955.68,1966.13,k8bas19x,"Cabrera Martinez, Victor",1514.64,,2001-08-08,True,2001 World Championship,http://web.archive.org/web/20170412233350/http://magic.wizards.com/en/events/coverage/wc01,pt,mixed
0,88147,12,80,Lost 1-2,wc01,1966.13,1939.97,2s38tz80,"Lavs, Primoz",1484.04,,2001-08-08,True,2001 World Championship,http://web.archive.org/web/20170412233350/http://magic.wizards.com/en/events/coverage/wc01,pt,mixed
0,88309,13,102,Won 2-1,wc01,1939.97,1950.91,645ufyna,"De Foucaud, Cyrille",1530.89,,2001-08-08,True,2001 World Championship,http://web.archive.org/web/20170412233350/http://magic.wizards.com/en/events/coverage/wc01,pt,mixed
0,88441,14,93,Lost 1-2,wc01,1950.91,1928.62,zy93yf1f,"Wall, Mike",1711.08,,2001-08-08,True,2001 World Championship,http://web.archive.org/web/20170412233350/http://magic.wizards.com/en/events/coverage/wc01,pt,mixed
0,88590,15,104,Lost 0-2,wc01,1928.62,1903.85,u70pplzu,"Pereira, Christiano",1538.42,,2001-08-08,True,2001 World Championship,http://web.archive.org/web/20170412233350/http://magic.wizards.com/en/events/coverage/wc01,pt,mixed
0,88736,16,115,Won 2-1,wc01,1903.85,1914.24,zdoqolci,"Sy, Manchester",1459.1,,2001-08-08,True,2001 World Championship,http://web.archive.org/web/20170412233350/http://magic.wizards.com/en/events/coverage/wc01,pt,mixed
0,88856,17,103,Won 2-1,wc01,1914.24,1926.03,5nxrlghd,"Bollati, Matias",1559.41,,2001-08-08,True,2001 World Championship,http://web.archive.org/web/20170412233350/http://magic.wizards.com/en/events/coverage/wc01,pt,mixed
0,88964,18,82,Won 2-0,wc01,1926.03,1939.6,49gzth4r,"Niwa, Toshiharu",1678.15,,2001-08-08,True,2001 World Championship,http://web.archive.org/web/20170412233350/http://magic.wizards.com/en/events/coverage/wc01,pt,mixed
0,89536,4,49,Won 2-1,gpden01,1939.6,1950.07,8gt7fvd1,"Johnson, Peter",1500.0,8.0,2001-08-18,False,Grand Prix Denver 2001,http://web.archive.org/web/20130511045405/http://www.wizards.com/sideboard/event.asp?event=GPDEN01,gp,Invasion block
0,89696,5,21,Lost 0-2,gpden01,1950.07,1928.15,qefvlrbv,"Schmidt, Karl",1731.63,8.0,2001-08-18,False,Grand Prix Denver 2001,http://web.archive.org/web/20130511045405/http://www.wizards.com/sideboard/event.asp?event=GPDEN01,gp,Invasion block
0,89886,6,39,Won 2-0,gpden01,1928.15,1940.99,5vyuqcz5,"Welty, Terry",1637.24,8.0,2001-08-18,False,Grand Prix Denver 2001,http://web.archive.org/web/20130511045405/http://www.wizards.com/sideboard/event.asp?event=GPDEN01,gp,Invasion block
0,90013,7,12,ID,gpden01,1940.99,1940.99,o59elf2f,"Lovell, Brian",1492.43,8.0,2001-08-18,False,Grand Prix Denver 2001,http://web.archive.org/web/20130511045405/http://www.wizards.com/sideboard/event.asp?event=GPDEN01,gp,Invasion block
0,90140,8,13,Won 2-1,gpden01,1940.99,1953.2,qwvq7f40,"Prawdzik, Nathaniel",1612.04,8.0,2001-08-18,False,Grand Prix Denver 2001,http://web.archive.org/web/20130511045405/http://www.wizards.com/sideboard/event.asp?event=GPDEN01,gp,Invasion block
0,90168,9,10,Lost 1-2,gpden01,1953.2,1928.83,1zh1i4oa,"Gray, Matt",1587.74,8.0,2001-08-18,False,Grand Prix Denver 2001,http://web.archive.org/web/20130511045405/http://www.wizards.com/sideboard/event.asp?event=GPDEN01,gp,Invasion block
0,90208,10,19,Won 2-1,gpden01,1928.83,1940.74,v4snzzp8,"Armbruster, Chris",1581.53,8.0,2001-08-18,False,Grand Prix Denver 2001,http://web.archive.org/web/20130511045405/http://www.wizards.com/sideboard/event.asp?event=GPDEN01,gp,Invasion block
0,90236,11,16,Lost 0-2,gpden01,1940.74,1922.4,9lh9td82,"Williams, David A",1922.25,8.0,2001-08-18,False,Grand Prix Denver 2001,http://web.archive.org/web/20130511045405/http://www.wizards.com/sideboard/event.asp?event=GPDEN01,gp,Invasion block
0,90268,12,17,Lost 1-2,gpden01,1922.4,1900.81,x1lebg8w,"Kibler, Brian",1722.87,8.0,2001-08-18,False,Grand Prix Denver 2001,http://web.archive.org/web/20130511045405/http://www.wizards.com/sideboard/event.asp?event=GPDEN01,gp,Invasion block
0,90306,13,25,Draw 1-1,gpden01,1900.81,1894.77,c4itkyxp,"Stockton, Mark",1556.43,8.0,2001-08-18,False,Grand Prix Denver 2001,http://web.archive.org/web/20130511045405/http://www.wizards.com/sideboard/event.asp?event=GPDEN01,gp,Invasion block
0,108146,4,41,Lost 0-2,gpmon01,1894.77,1876.39,jfvflnna,"Maher, Bob",1873.89,8.0,2001-10-13,False,Grand Prix Montreal 2001,http://web.archive.org/web/20130511061831/http://www.wizards.com/sideboard/event.asp?event=GPMON01,gp,ODY limited
0,108270,5,42,Won 2-0,gpmon01,1876.39,1889.43,ixrm5oyb,"Bentley, Dennis",1597.69,8.0,2001-10-13,False,Grand Prix Montreal 2001,http://web.archive.org/web/20130511061831/http://www.wizards.com/sideboard/event.asp?event=GPMON01,gp,ODY limited
0,108354,6,23,Won 2-0,gpmon01,1889.43,1900.51,hjy5vyrj,"Measures, Jeff",1489.12,8.0,2001-10-13,False,Grand Prix Montreal 2001,http://web.archive.org/web/20130511061831/http://www.wizards.com/sideboard/event.asp?event=GPMON01,gp,ODY limited
0,108438,7,24,ID,gpmon01,1900.51,1900.51,mwxobroq,"Harvey, Eugene",1827.73,8.0,2001-10-13,False,Grand Prix Montreal 2001,http://web.archive.org/web/20130511061831/http://www.wizards.com/sideboard/event.asp?event=GPMON01,gp,ODY limited
0,108486,8,4,Lost 1-2,gpmon01,1900.51,1876.73,kjpw0cgt,"Hodack, Bill",1572.56,8.0,2001-10-13,False,Grand Prix Montreal 2001,http://web.archive.org/web/20130511061831/http://www.wizards.com/sideboard/event.asp?event=GPMON01,gp,ODY limited
0,108527,9,14,Lost 1-2,gpmon01,1876.73,1853.09,0ienqiyb,"Magurn, Ken",1556.75,8.0,2001-10-13,False,Grand Prix Montreal 2001,http://web.archive.org/web/20130511061831/http://www.wizards.com/sideboard/event.asp?event=GPMON01,gp,ODY limited
0,108547,10,3,Lost 1-2,gpmon01,1853.09,1829.41,388h4t5a,"Smith, Jeremy",1530.95,8.0,2001-10-13,False,Grand Prix Montreal 2001,http://web.archive.org/web/20130511061831/http://www.wizards.com/sideboard/event.asp?event=GPMON01,gp,ODY limited
0,108584,11,9,Won 2-1,gpmon01,1829.41,1841.75,tufjn5ez,"Cloutier, Olivier",1508.3,8.0,2001-10-13,False,Grand Prix Montreal 2001,http://web.archive.org/web/20130511061831/http://www.wizards.com/sideboard/event.asp?event=GPMON01,gp,ODY limited
0,108613,12,7,Won 2-1,gpmon01,1841.75,1854.46,4fsvpg39,"Foster, Stephen",1542.97,8.0,2001-10-13,False,Grand Prix Montreal 2001,http://web.archive.org/web/20130511061831/http://www.wizards.com/sideboard/event.asp?event=GPMON01,gp,ODY limited
0,108658,13,22,Won 2-0,gpmon01,1854.46,1866.43,j8q9pi2z,"Kowal, Brian",1510.73,8.0,2001-10-13,False,Grand Prix Montreal 2001,http://web.archive.org/web/20130511061831/http://www.wizards.com/sideboard/event.asp?event=GPMON01,gp,ODY limited
0,109435,G2,8,Lost 0-0,ptnor01-mas,1866.43,1847.88,i8olnjut,"Jensen, William",1836.15,,2001-11-01,False,Pro Tour New Orleans 2001 Masters,http://web.archive.org/web/20130511073804/http://www.wizards.com/sideboard/event.asp?event=MASTERSNOR01,masters,ODY draft
0,109668,1,148,Won 2-1,ptnor01,1847.88,1862.53,e1amzkrq,"Senhouse, Chris",1661.96,8.0,2001-11-02,True,Pro Tour New Orleans 2001,http://web.archive.org/web/20130511061827/https://www.wizards.com/sideboard/event.asp?event=PTNOR01,pt,extended
0,109752,2,55,Lost 0-2,ptnor01,1862.53,1842.63,c8s6bf2e,"Wiegersma, Jelger",1758.36,8.0,2001-11-02,True,Pro Tour New Orleans 2001,http://web.archive.org/web/20130511061827/https://www.wizards.com/sideboard/event.asp?event=PTNOR01,pt,extended
0,109951,3,77,Lost 1-2,ptnor01,1842.63,1821.49,j39m54ws,"Marcik, Michal",1668.34,8.0,2001-11-02,True,Pro Tour New Orleans 2001,http://web.archive.org/web/20130511061827/https://www.wizards.com/sideboard/event.asp?event=PTNOR01,pt,extended
0,110199,4,149,Lost 1-2,ptnor01,1821.49,1799.85,2bkbc8n7,"Schaper, Garrett",1619.65,8.0,2001-11-02,True,Pro Tour New Orleans 2001,http://web.archive.org/web/20130511061827/https://www.wizards.com/sideboard/event.asp?event=PTNOR01,pt,extended
0,111448,4,38,Won 2-0,gpatl01,1799.85,1819.15,61075pok,"Rush, Gary",1871.15,8.0,2001-11-17,False,Grand Prix Atlanta 2001,http://web.archive.org/web/20170412232728/http://magic.wizards.com/en/events/coverage/gpatl01,gp,ODY limited
0,111588,5,19,Won 1-0,gpatl01,1819.15,1834.29,2frhvh2d,"Quirk, Kevin",1660.97,8.0,2001-11-17,False,Grand Prix Atlanta 2001,http://web.archive.org/web/20170412232728/http://magic.wizards.com/en/events/coverage/gpatl01,gp,ODY limited
0,111713,6,6,Lost 0-2,gpatl01,1834.29,1813.04,m1ywx4cm,"Steht, Lee",1654.18,8.0,2001-11-17,False,Grand Prix Atlanta 2001,http://web.archive.org/web/20170412232728/http://magic.wizards.com/en/events/coverage/gpatl01,gp,ODY limited
0,111837,7,11,Won 2-0,gpatl01,1813.04,1825.76,rmmjpmj4,"Parker, Alex",1514.92,8.0,2001-11-17,False,Grand Prix Atlanta 2001,http://web.archive.org/web/20170412232728/http://magic.wizards.com/en/events/coverage/gpatl01,gp,ODY limited
0,111926,8,3,Won 2-1,gpatl01,1825.76,1848.17,23yeyopm,"Humpherys, David",2072.37,8.0,2001-11-17,False,Grand Prix Atlanta 2001,http://web.archive.org/web/20170412232728/http://magic.wizards.com/en/events/coverage/gpatl01,gp,ODY limited
0,111986,9,31,Lost 1-2,gpatl01,1848.17,1829.81,esocbna4,"De Rosa, Antonino",1828.61,8.0,2001-11-17,False,Grand Prix Atlanta 2001,http://web.archive.org/web/20170412232728/http://magic.wizards.com/en/events/coverage/gpatl01,gp,ODY limited
0,112014,10,27,Lost 1-2,gpatl01,1829.81,1812.22,ehdksfwi,"Pustilnik, Michael",1851.9,8.0,2001-11-17,False,Grand Prix Atlanta 2001,http://web.archive.org/web/20170412232728/http://magic.wizards.com/en/events/coverage/gpatl01,gp,ODY limited
0,112036,11,18,Lost 0-2,gpatl01,1812.22,1793.33,qxic5sbj,"Comer, Alan",1763.39,8.0,2001-11-17,False,Grand Prix Atlanta 2001,http://web.archive.org/web/20170412232728/http://magic.wizards.com/en/events/coverage/gpatl01,gp,ODY limited
0,112056,12,7,Won 2-1,gpatl01,1793.33,1812.69,mfxbivb3,"Davis, Brian",1867.99,8.0,2001-11-17,False,Grand Prix Atlanta 2001,http://web.archive.org/web/20170412232728/http://magic.wizards.com/en/events/coverage/gpatl01,gp,ODY limited
0,112084,13,5,Draw 1-1,gpatl01,1812.69,1810.82,kcl8dh44,"Stoll, Ben",1710.04,8.0,2001-11-17,False,Grand Prix Atlanta 2001,http://web.archive.org/web/20170412232728/http://magic.wizards.com/en/events/coverage/gpatl01,gp,ODY limited
0,115281,4,40,Lost 0-2,gplas01,1810.82,1787.05,tfcxlf92,"Rose, Michael",1483.0,8.0,2001-12-08,False,Grand Prix Las Vegas 2001,http://web.archive.org/web/20130511072325/https://www.wizards.com/sideboard/event.asp?event=GPLV01,gp,extended
0,115526,5,81,Lost 1-2,gplas01,1787.05,1764.06,vk2bv0i4,"Callenback, Avery",1506.01,8.0,2001-12-08,False,Grand Prix Las Vegas 2001,http://web.archive.org/web/20130511072325/https://www.wizards.com/sideboard/event.asp?event=GPLV01,gp,extended
0,119740,1,112,Lost 1-2,ptsd02,1764.06,1742.43,6xm3nf4n,"Riviere, Alexandre",1562.45,8.0,2002-01-10,True,Pro Tour San Diego 2002,http://web.archive.org/web/20130511051338/https://www.wizards.com/sideboard/event.asp?event=PTSD02,pt,ODY rochester
0,119837,2,37,Won 2-0,ptsd02,1742.43,1760.2,v8tjgu8d,"Pikula, Chris",1729.94,8.0,2002-01-10,True,Pro Tour San Diego 2002,http://web.archive.org/web/20130511051338/https://www.wizards.com/sideboard/event.asp?event=PTSD02,pt,ODY rochester
0,120020,3,48,Won 2-1,ptsd02,1760.2,1779.15,spos48qw,"Karsten, Frank",1812.58,8.0,2002-01-10,True,Pro Tour San Diego 2002,http://web.archive.org/web/20130511051338/https://www.wizards.com/sideboard/event.asp?event=PTSD02,pt,ODY rochester
0,120164,4,24,Lost 1-2,ptsd02,1779.15,1765.63,ghs3hvb2,"Hovi, Tommi",2029.85,8.0,2002-01-10,True,Pro Tour San Diego 2002,http://web.archive.org/web/20130511051338/https://www.wizards.com/sideboard/event.asp?event=PTSD02,pt,ODY rochester
0,120365,5,62,Lost 0-2,ptsd02,1765.63,1743.7,o8fo7wmx,"Wright, Stuart",1546.75,8.0,2002-01-10,True,Pro Tour San Diego 2002,http://web.archive.org/web/20130511051338/https://www.wizards.com/sideboard/event.asp?event=PTSD02,pt,ODY rochester
0,127882,3,30,Won 2-0,gptam02,1743.7,1758.0,3sup2w95,"Capalbi, Joseph",1537.59,8.0,2002-02-23,False,Grand Prix Tampa Bay 2002,http://web.archive.org/web/20170412232251/http://magic.wizards.com/en/events/coverage/gptam02,gp,TOR limited
0,128019,4,6,Won 2-1,gptam02,1758.0,1774.66,iypepmkm,"O'Mahoney-Schwartz, Daniel",1684.67,8.0,2002-02-23,False,Grand Prix Tampa Bay 2002,http://web.archive.org/web/20170412232251/http://magic.wizards.com/en/events/coverage/gptam02,gp,TOR limited
0,128199,5,12,Won 2-1,gptam02,1774.66,1787.05,kyheoma7,"Dolloff, Stephen",1456.29,8.0,2002-02-23,False,Grand Prix Tampa Bay 2002,http://web.archive.org/web/20170412232251/http://magic.wizards.com/en/events/coverage/gptam02,gp,TOR limited
0,128344,6,9,Won 2-1,gptam02,1787.05,1801.03,h3ghg6fb,"Napelenok, Sergey",1563.02,8.0,2002-02-23,False,Grand Prix Tampa Bay 2002,http://web.archive.org/web/20170412232251/http://magic.wizards.com/en/events/coverage/gptam02,gp,TOR limited
0,128460,7,5,Won 2-1,gptam02,1801.03,1816.19,s0zhca28,"Breider, Aaron",1644.39,8.0,2002-02-23,False,Grand Prix Tampa Bay 2002,http://web.archive.org/web/20170412232251/http://magic.wizards.com/en/events/coverage/gptam02,gp,TOR limited
0,128568,8,14,Lost 0-2,gptam02,1816.19,1800.69,x1lebg8w,"Kibler, Brian",1953.81,8.0,2002-02-23,False,Grand Prix Tampa Bay 2002,http://web.archive.org/web/20170412232251/http://magic.wizards.com/en/events/coverage/gptam02,gp,TOR limited
0,128594,9,8,Lost 0-2,gptam02,1800.69,1778.65,4q5pvgqh,"Stead, Bob",1575.38,8.0,2002-02-23,False,Grand Prix Tampa Bay 2002,http://web.archive.org/web/20170412232251/http://magic.wizards.com/en/events/coverage/gptam02,gp,TOR limited
0,128641,10,24,Won 2-0,gptam02,1778.65,1796.16,dabc1yxw,"Linskey, Ed",1751.7,8.0,2002-02-23,False,Grand Prix Tampa Bay 2002,http://web.archive.org/web/20170412232251/http://magic.wizards.com/en/events/coverage/gptam02,gp,TOR limited
0,128670,11,22,Won 2-0,gptam02,1796.16,1812.91,4lf812n9,"Hernandez, Frank",1727.62,8.0,2002-02-23,False,Grand Prix Tampa Bay 2002,http://web.archive.org/web/20170412232251/http://magic.wizards.com/en/events/coverage/gptam02,gp,TOR limited
0,128699,12,20,Won 2-0,gptam02,1812.91,1827.17,c76xteib,"Harvie, Donovan",1605.2,8.0,2002-02-23,False,Grand Prix Tampa Bay 2002,http://web.archive.org/web/20170412232251/http://magic.wizards.com/en/events/coverage/gptam02,gp,TOR limited
0,128736,13,28,Lost 0-2,gptam02,1827.17,1811.7,xho7w0q0,"Malka, Sol",1966.44,8.0,2002-02-23,False,Grand Prix Tampa Bay 2002,http://web.archive.org/web/20170412232251/http://magic.wizards.com/en/events/coverage/gptam02,gp,TOR limited
0,130851,1,122,Lost 0-2,ptosa02,1811.7,1788.19,x18asegf,"Silva, Jose Francisco",1500.0,8.0,2002-03-15,True,Pro Tour Osaka 2002,http://web.archive.org/web/20170412231143/http://magic.wizards.com/en/events/coverage/ptosa02,pt,Odyssey block
0,130981,2,114,Lost 0-2,ptosa02,1788.19,1766.75,sc2zspoh,"Crnobori, Lovre",1597.48,8.0,2002-03-15,True,Pro Tour Osaka 2002,http://web.archive.org/web/20170412231143/http://magic.wizards.com/en/events/coverage/ptosa02,pt,Odyssey block
0,131132,3,127,Lost 0-2,ptosa02,1766.75,1751.97,cagps37t,"Mello, Patrick",1944.91,8.0,2002-03-15,True,Pro Tour Osaka 2002,http://web.archive.org/web/20170412231143/http://magic.wizards.com/en/events/coverage/ptosa02,pt,Odyssey block
0,136875,1,111,Won 2-0,ptnic02,1751.97,1765.24,5hwis3s8,"Barrow, Patrick",1486.3,8.0,2002-05-03,True,Pro Tour Nice 2002,http://web.archive.org/web/20170412231041/http://magic.wizards.com/en/events/coverage/ptnic02,pt,TOR draft
0,136988,2,61,Lost 0-2,ptnic02,1765.24,1745.56,8fgwf727,"Skjetne, Endre Helgesen",1672.96,8.0,2002-05-03,True,Pro Tour Nice 2002,http://web.archive.org/web/20170412231041/http://magic.wizards.com/en/events/coverage/ptnic02,pt,TOR draft
0,137211,3,121,Won 2-0,ptnic02,1745.56,1763.67,c82f8ovq,"Hirabayashi, Kazuya",1751.57,8.0,2002-05-03,True,Pro Tour Nice 2002,http://web.archive.org/web/20170412231041/http://magic.wizards.com/en/events/coverage/ptnic02,pt,TOR draft
0,137338,4,85,Won 2-1,ptnic02,1763.67,1780.12,8tmne2z7,"Capdevila, Jose Luis",1678.61,8.0,2002-05-03,True,Pro Tour Nice 2002,http://web.archive.org/web/20170412231041/http://magic.wizards.com/en/events/coverage/ptnic02,pt,TOR draft
0,137469,5,54,Won 2-1,ptnic02,1780.12,1798.44,6d84gagn,"Kennison, Koby",1797.78,8.0,2002-05-03,True,Pro Tour Nice 2002,http://web.archive.org/web/20170412231041/http://magic.wizards.com/en/events/coverage/ptnic02,pt,TOR draft
0,137715,6,139,Won 2-0,ptnic02,1798.44,1811.51,5cjpburn,"Fischer, Adam",1520.91,8.0,2002-05-03,True,Pro Tour Nice 2002,http://web.archive.org/web/20170412231041/http://magic.wizards.com/en/events/coverage/ptnic02,pt,TOR draft
0,137730,7,12,Lost 0-2,ptnic02,1811.51,1791.81,33vmnwt1,"Sita, Jaroslav",1718.07,8.0,2002-05-03,True,Pro Tour Nice 2002,http://web.archive.org/web/20170412231041/http://magic.wizards.com/en/events/coverage/ptnic02,pt,TOR draft
0,137877,8,34,Won 2-0,ptnic02,1791.81,1808.99,eq0px3eh,"Martins Moreira Neto, Leopoldo",1747.18,8.0,2002-05-03,True,Pro Tour Nice 2002,http://web.archive.org/web/20170412231041/http://magic.wizards.com/en/events/coverage/ptnic02,pt,TOR draft
0,137910,9,11,Won 2-0,ptnic02,1808.99,1824.4,zs4qsspf,"Bernard, Laurent",1665.72,8.0,2002-05-03,True,Pro Tour Nice 2002,http://web.archive.org/web/20170412231041/http://magic.wizards.com/en/events/coverage/ptnic02,pt,TOR draft
0,137977,10,22,Lost 1-2,ptnic02,1824.4,1807.75,vve0i3ib,"Herzog, Nicolai",1898.83,8.0,2002-05-03,True,Pro Tour Nice 2002,http://web.archive.org/web/20170412231041/http://magic.wizards.com/en/events/coverage/ptnic02,pt,TOR draft
0,138032,11,21,Lost 0-2,ptnic02,1807.75,1791.81,qxic5sbj,"Comer, Alan",1921.25,8.0,2002-05-03,True,Pro Tour Nice 2002,http://web.archive.org/web/20170412231041/http://magic.wizards.com/en/events/coverage/ptnic02,pt,TOR draft
0,138073,12,7,Lost 1-2,ptnic02,1791.81,1770.55,pjexi8at,"Linnemann, Russell",1610.74,8.0,2002-05-03,True,Pro Tour Nice 2002,http://web.archive.org/web/20170412231041/http://magic.wizards.com/en/events/coverage/ptnic02,pt,TOR draft
0,138173,13,53,Won 2-1,ptnic02,1770.55,1789.51,45xuvfrf,"Luhrs, Christian",1823.27,8.0,2002-05-03,True,Pro Tour Nice 2002,http://web.archive.org/web/20170412231041/http://magic.wizards.com/en/events/coverage/ptnic02,pt,TOR draft
0,138203,14,30,Lost 1-2,ptnic02,1789.51,1769.56,8fgwf727,"Skjetne, Endre Helgesen",1682.56,8.0,2002-05-03,True,Pro Tour Nice 2002,http://web.archive.org/web/20170412231041/http://magic.wizards.com/en/events/coverage/ptnic02,pt,TOR draft
0,139388,3,78,Lost 0-2,gpmil02,1769.56,1748.16,2rivrd1y,"Justice, Anthony",1580.84,9.0,2002-05-11,False,Grand Prix Milwaukee 2002,http://web.archive.org/web/20170412231815/http://magic.wizards.com/en/events/coverage/gpmil02,gp,TOR standard
0,139763,4,169,Lost 0-2,gpmil02,1748.16,1726.04,ikvt0hvn,"Worley, Lee",1518.0,9.0,2002-05-11,False,Grand Prix Milwaukee 2002,http://web.archive.org/web/20170412231815/http://magic.wizards.com/en/events/coverage/gpmil02,gp,TOR standard
0,140840,1,2,Lost 1-2,natus02,1726.04,1707.08,9gjkxtz9,"Halter, James",1673.47,,2002-05-31,False,2002 United States National Championship,http://web.archive.org/web/20130511050336/http://www.wizards.com/Magic/Magazine/Article.aspx?x=sideboard/events/usnat02,national,mixed
0,140991,2,53,Lost 1-2,natus02,1707.08,1690.34,zdlgbjb0,"Stokinger, Andrew",1776.23,,2002-05-31,False,2002 United States National Championship,http://web.archive.org/web/20130511050336/http://www.wizards.com/Magic/Magazine/Article.aspx?x=sideboard/events/usnat02,national,mixed
0,141118,3,80,Won 2-0,natus02,1690.34,1703.77,mdb0uy4w,"Brestel, Troy",1434.56,,2002-05-31,False,2002 United States National Championship,http://web.archive.org/web/20130511050336/http://www.wizards.com/Magic/Magazine/Article.aspx?x=sideboard/events/usnat02,national,mixed
0,141220,4,83,Lost 1-2,natus02,1703.77,1688.39,qxic5sbj,"Comer, Alan",1847.89,,2002-05-31,False,2002 United States National Championship,http://web.archive.org/web/20130511050336/http://www.wizards.com/Magic/Magazine/Article.aspx?x=sideboard/events/usnat02,national,mixed
0,141326,5,92,Won 2-1,natus02,1688.39,1709.01,61075pok,"Rush, Gary",1833.02,,2002-05-31,False,2002 United States National Championship,http://web.archive.org/web/20130511050336/http://www.wizards.com/Magic/Magazine/Article.aspx?x=sideboard/events/usnat02,national,mixed
0,141399,6,68,Lost 1-2,natus02,1709.01,1686.96,nb6ww0l9,"Vanderbeek, Aaron",1483.4,,2002-05-31,False,2002 United States National Championship,http://web.archive.org/web/20130511050336/http://www.wizards.com/Magic/Magazine/Article.aspx?x=sideboard/events/usnat02,national,mixed
0,164672,3,40,Lost 0-2,gpla02,1686.96,1667.59,iuw859gm,"Sperling, Matthew",1611.75,9.0,2002-11-23,False,Grand Prix Los Angeles 2002,http://web.archive.org/web/20170412225915/http://magic.wizards.com/en/events/coverage/gpla02,gp,ONS limited
0,164966,4,137,Won 2-0,gpla02,1667.59,1682.88,camloqzy,"bernet, ross",1518.0,9.0,2002-11-23,False,Grand Prix Los Angeles 2002,http://web.archive.org/web/20170412225915/http://magic.wizards.com/en/events/coverage/gpla02,gp,ONS limited
0,165086,5,60,Won 2-1,gpla02,1682.88,1698.22,eexwf8p9,"Vegso, Brian",1536.0,9.0,2002-11-23,False,Grand Prix Los Angeles 2002,http://web.archive.org/web/20170412225915/http://magic.wizards.com/en/events/coverage/gpla02,gp,ONS limited
0,165254,6,59,Won 2-1,gpla02,1698.22,1718.45,6hrzkc4m,"Turian, Michael",1821.18,9.0,2002-11-23,False,Grand Prix Los Angeles 2002,http://web.archive.org/web/20170412225915/http://magic.wizards.com/en/events/coverage/gpla02,gp,ONS limited
0,165350,7,14,Won 2-0,gpla02,1718.45,1733.8,4r2b01z9,"Murzi, David",1572.09,9.0,2002-11-23,False,Grand Prix Los Angeles 2002,http://web.archive.org/web/20170412225915/http://magic.wizards.com/en/events/coverage/gpla02,gp,ONS limited
0,165456,8,14,ID,gpla02,1733.8,1733.8,jfvflnna,"Maher, Bob",2116.57,9.0,2002-11-23,False,Grand Prix Los Angeles 2002,http://web.archive.org/web/20170412225915/http://magic.wizards.com/en/events/coverage/gpla02,gp,ONS limited
0,165575,10,17,Lost 0-2,gpla02,1733.8,1719.32,de3cpaxn,"Krouner, Ken",1928.91,9.0,2002-11-23,False,Grand Prix Los Angeles 2002,http://web.archive.org/web/20170412225915/http://magic.wizards.com/en/events/coverage/gpla02,gp,ONS limited
0,165601,11,13,Won 2-0,gpla02,1719.32,1739.7,mfxbivb3,"Davis, Brian",1850.79,9.0,2002-11-23,False,Grand Prix Los Angeles 2002,http://web.archive.org/web/20170412225915/http://magic.wizards.com/en/events/coverage/gpla02,gp,ONS limited
0,165635,12,17,Lost 1-2,gpla02,1739.7,1721.35,q392prwb,"Lagges, John",1720.58,9.0,2002-11-23,False,Grand Prix Los Angeles 2002,http://web.archive.org/web/20170412225915/http://magic.wizards.com/en/events/coverage/gpla02,gp,ONS limited
0,165656,13,6,Won 2-0,gpla02,1721.35,1741.37,oz33n7wy,"Stark, Ben S",1832.59,9.0,2002-11-23,False,Grand Prix Los Angeles 2002,http://web.archive.org/web/20170412225915/http://magic.wizards.com/en/events/coverage/gpla02,gp,ONS limited
0,165687,14,6,Won 2-0,gpla02,1741.37,1760.37,n91czzuw,"Hsiung, Kenny",1796.15,9.0,2002-11-23,False,Grand Prix Los Angeles 2002,http://web.archive.org/web/20170412225915/http://magic.wizards.com/en/events/coverage/gpla02,gp,ONS limited
0,2237995,1,56,Won 2-1,gphou16,1760.37,1772.58,kqhtnhhs,"Haney, Alexander",1431.05,10.0,2016-02-27,False,Grand Prix Houston 2016,http://web.archive.org/web/20170212191301/http://magic.wizards.com/en/events/coverage/gphou16,gp,OGW standard
0,2238730,2,135,Draw 1-1,gphou16,1772.58,1768.6,yy51qzdk,"Martin, Michael A",1550.97,10.0,2016-02-27,False,Grand Prix Houston 2016,http://web.archive.org/web/20170212191301/http://magic.wizards.com/en/events/coverage/gphou16,gp,OGW standard
0,2239703,3,369,Lost 0-2,gphou16,1768.6,1747.04,p2hnz27b,"Cerda, Chris",1570.69,10.0,2016-02-27,False,Grand Prix Houston 2016,http://web.archive.org/web/20170212191301/http://magic.wizards.com/en/events/coverage/gphou16,gp,OGW standard
0,2240762,4,553,Lost 0-2,gphou16,1747.04,1724.61,92w3r031,"Marin, Adam",1499.11,10.0,2016-02-27,False,Grand Prix Houston 2016,http://web.archive.org/web/20170212191301/http://magic.wizards.com/en/events/coverage/gphou16,gp,OGW standard
0,2241899,5,829,Won 2-0,gphou16,1724.61,1737.19,gedaupst,"Ramsey, Danny",1418.51,10.0,2016-02-27,False,Grand Prix Houston 2016,http://web.archive.org/web/20170212191301/http://magic.wizards.com/en/events/coverage/gphou16,gp,OGW standard
0,2242444,6,545,Lost 1-2,gphou16,1737.19,1714.98,go0i3lo9,"Wilcox, Stephen",1501.99,10.0,2016-02-27,False,Grand Prix Houston 2016,http://web.archive.org/web/20170212191301/http://magic.wizards.com/en/events/coverage/gphou16,gp,OGW standard
0,2243252,7,591,Won 2-0,gphou16,1714.98,1727.47,xtw7myhz,"Maker, Earney",1403.2,10.0,2016-02-27,False,Grand Prix Houston 2016,http://web.archive.org/web/20170212191301/http://magic.wizards.com/en/events/coverage/gphou16,gp,OGW standard
0,2243800,8,477,Won 0-0,gphou16,1727.47,1741.11,m3yl2fvt,"Chauncy, Mr",1483.59,10.0,2016-02-27,False,Grand Prix Houston 2016,http://web.archive.org/web/20170212191301/http://magic.wizards.com/en/events/coverage/gphou16,gp,OGW standard
0,2244301,9,431,Won 2-0,gphou16,1741.11,1754.81,t2ozb54y,"Gates, Ali",1500.79,10.0,2016-02-27,False,Grand Prix Houston 2016,http://web.archive.org/web/20170212191301/http://magic.wizards.com/en/events/coverage/gphou16,gp,OGW standard
